number,author,title,status,comment_count,reaction_count,reaction_heart_count,reaction_plusone_count,reaction_minusone_count,reaction_laugh_count,reaction_confused_count,reaction_hooray_count,created,updated,url
4048,MrTrustor,Feature request: Google Cloud Build stage,open,1,9,0,9,0,0,0,0,2019-02-27 11:28:37 UTC,2019-03-25 22:18:38 UTC,https://api.github.com/repos/spinnaker/spinnaker/issues/4048
4070,clareliguori,ECS Proposal: Retrieve task definition from artifact,open,5,18,5,13,0,0,0,0,2019-03-05 18:44:33 UTC,2019-03-05 20:42:30 UTC,https://api.github.com/repos/spinnaker/spinnaker/issues/4070
3265,sbwsg,Include Horizontal Pod Autoscaler in instance details view,open,5,10,0,10,0,0,0,0,2018-08-28 17:49:53 UTC,2019-01-23 15:00:37 UTC,https://api.github.com/repos/spinnaker/spinnaker/issues/3265
3504,robzienert,RFC: JVM Code Styles Enforcement,open,6,11,0,11,0,0,0,0,2018-10-24 22:04:59 UTC,2019-03-18 14:06:41 UTC,https://api.github.com/repos/spinnaker/spinnaker/issues/3504
2047,mdirkse,Support Gitlab CI as Git and CI provider in Igor,open,20,24,0,24,0,0,0,0,2017-10-20 14:02:16 UTC,2019-03-14 08:59:29 UTC,https://api.github.com/repos/spinnaker/spinnaker/issues/2047
1873,cristim,Support private/generic git repos,open,20,19,0,19,0,0,0,0,2017-08-01 16:03:03 UTC,2019-03-15 12:58:43 UTC,https://api.github.com/repos/spinnaker/spinnaker/issues/1873
3969,ethanfrogers,RFC - Dynamic account discovery in Clouddriver,open,25,8,0,8,0,0,0,0,2019-02-13 15:18:01 UTC,2019-04-08 12:14:24 UTC,https://api.github.com/repos/spinnaker/spinnaker/issues/3969
2587,lwander,"Kubernetes V2 ""Run Job"" Stage",open,28,5,0,5,0,0,0,0,2018-03-27 18:09:15 UTC,2019-04-15 12:48:59 UTC,https://api.github.com/repos/spinnaker/spinnaker/issues/2587
4304,saimadineni,Current implementation of Upsert lambda alias does not work,open,0,0,0,0,0,0,0,0,2019-04-15 20:22:21 UTC,2019-04-15 20:22:21 UTC,https://api.github.com/repos/spinnaker/spinnaker/issues/4304
4303,Jammy-Louie,Convert the Notifications angular directive and Modal into a React component,open,0,0,0,0,0,0,0,0,2019-04-15 20:21:14 UTC,2019-04-15 20:21:14 UTC,https://api.github.com/repos/spinnaker/spinnaker/issues/4303
4302,Jammy-Louie,Convert the Parameters angular directive into a React component,open,0,0,0,0,0,0,0,0,2019-04-15 20:04:00 UTC,2019-04-15 20:04:00 UTC,https://api.github.com/repos/spinnaker/spinnaker/issues/4302
4301,Jammy-Louie,add HAL configurations for Artifactory and Concourse,open,0,0,0,0,0,0,0,0,2019-04-15 19:54:10 UTC,2019-04-15 19:54:10 UTC,https://api.github.com/repos/spinnaker/spinnaker/issues/4301
4296,perek,Bug(Fiat) - Fiat Google Groups does not handle null names,open,0,0,0,0,0,0,0,0,2019-04-15 18:20:15 UTC,2019-04-15 18:22:16 UTC,https://api.github.com/repos/spinnaker/spinnaker/issues/4296
4295,Jammy-Louie,Convert the Triggger angular directive into a React component,open,0,0,0,0,0,0,0,0,2019-04-15 17:51:52 UTC,2019-04-15 20:01:06 UTC,https://api.github.com/repos/spinnaker/spinnaker/issues/4295
4292,syedraqib,Manual Judgement - Getting terminated,open,0,0,0,0,0,0,0,0,2019-04-15 15:39:10 UTC,2019-04-15 15:39:10 UTC,https://api.github.com/repos/spinnaker/spinnaker/issues/4292
4290,papanito,Deployment fails with io.fabric8.kubernetes.client.KubernetesClientException: Failure executing: GET,open,0,0,0,0,0,0,0,0,2019-04-15 15:30:52 UTC,2019-04-15 17:26:23 UTC,https://api.github.com/repos/spinnaker/spinnaker/issues/4290
4285,Click2Cloud-electron,Issues  while building Spinnaker source code,open,0,0,0,0,0,0,0,0,2019-04-15 04:56:45 UTC,2019-04-15 04:56:45 UTC,https://api.github.com/repos/spinnaker/spinnaker/issues/4285
4283,renperez,error when deploying kubernetes cronjob manifest,open,0,0,0,0,0,0,0,0,2019-04-12 19:17:41 UTC,2019-04-13 00:10:51 UTC,https://api.github.com/repos/spinnaker/spinnaker/issues/4283
4281,haykbaluyan,Support Shielded VM related configurations for GCP instance templates.,open,0,0,0,0,0,0,0,0,2019-04-11 21:28:39 UTC,2019-04-14 22:49:03 UTC,https://api.github.com/repos/spinnaker/spinnaker/issues/4281
4280,stewchen,Spin CLI: Make gate endpoint work without a port,open,0,0,0,0,0,0,0,0,2019-04-11 20:23:16 UTC,2019-04-11 20:23:48 UTC,https://api.github.com/repos/spinnaker/spinnaker/issues/4280
4278,carvercj,CloudFormation deploy stage waits indefinitely even after successful deploy,open,0,0,0,0,0,0,0,0,2019-04-11 12:27:37 UTC,2019-04-11 15:33:15 UTC,https://api.github.com/repos/spinnaker/spinnaker/issues/4278
4273,oliverisaac,CloudDrive Requires Too Many Permissions,open,0,0,0,0,0,0,0,0,2019-04-10 18:35:47 UTC,2019-04-10 18:48:43 UTC,https://api.github.com/repos/spinnaker/spinnaker/issues/4273
4270,diasjorge,Red/black deployments fail the first time on Google Cloud,open,0,0,0,0,0,0,0,0,2019-04-10 08:24:56 UTC,2019-04-10 14:26:26 UTC,https://api.github.com/repos/spinnaker/spinnaker/issues/4270
4268,kevinawoo," chore(github): add some tips to improve issues and PRs",open,0,0,0,0,0,0,0,0,2019-04-09 18:40:12 UTC,2019-04-15 18:40:06 UTC,https://api.github.com/repos/spinnaker/spinnaker/issues/4268
4267,seanpeters86,[Deck] Seeing ReactGA.initialize warnings on page load,open,0,0,0,0,0,0,0,0,2019-04-09 18:22:41 UTC,2019-04-10 14:28:52 UTC,https://api.github.com/repos/spinnaker/spinnaker/issues/4267
4264,svenbovens,"Kubernetes V1, updating docker trigger config removes container configuration",open,0,0,0,0,0,0,0,0,2019-04-09 09:32:31 UTC,2019-04-10 14:31:17 UTC,https://api.github.com/repos/spinnaker/spinnaker/issues/4264
4263,zqfan,detail panel not show up,open,0,0,0,0,0,0,0,0,2019-04-09 05:34:55 UTC,2019-04-10 14:31:45 UTC,https://api.github.com/repos/spinnaker/spinnaker/issues/4263
4257,rfftrifork,Re-open: Codelab - GCE Source To Prod - Bake Stage Fails,open,0,0,0,0,0,0,0,0,2019-04-08 06:54:53 UTC,2019-04-08 06:54:53 UTC,https://api.github.com/repos/spinnaker/spinnaker/issues/4257
4256,anishp55,"upgrade to 1.13.2 ",open,0,0,0,0,0,0,0,0,2019-04-07 03:36:44 UTC,2019-04-07 03:39:06 UTC,https://api.github.com/repos/spinnaker/spinnaker/issues/4256
4255,seanpeters86,[GCE] Bakes fail when two pipelines with same image run at the same time,open,0,0,0,0,0,0,0,0,2019-04-05 22:30:25 UTC,2019-04-09 14:12:41 UTC,https://api.github.com/repos/spinnaker/spinnaker/issues/4255
4253,qinweiwen,Spinnaker GUI failed to update the webhook polling info,open,0,0,0,0,0,0,0,0,2019-04-05 19:40:21 UTC,2019-04-05 19:40:21 UTC,https://api.github.com/repos/spinnaker/spinnaker/issues/4253
4249,loheswaran,Application Status is not showing up in dashboard view of a project,open,0,0,0,0,0,0,0,0,2019-04-05 13:20:24 UTC,2019-04-08 15:21:02 UTC,https://api.github.com/repos/spinnaker/spinnaker/issues/4249
4248,darkrasid,Refreshing pipeline config or prevent use cache,open,0,0,0,0,0,0,0,0,2019-04-05 10:36:45 UTC,2019-04-08 15:20:33 UTC,https://api.github.com/repos/spinnaker/spinnaker/issues/4248
4231,evansb,Unable to Cancel Jenkins Job if job name contains a /,open,0,0,0,0,0,0,0,0,2019-04-02 09:18:22 UTC,2019-04-02 12:18:01 UTC,https://api.github.com/repos/spinnaker/spinnaker/issues/4231
4229,CloudWarGit,Gate Dockerfile build image can't be used to halyard deployed environment,open,0,0,0,0,0,0,0,0,2019-04-02 03:50:33 UTC,2019-04-02 05:02:35 UTC,https://api.github.com/repos/spinnaker/spinnaker/issues/4229
4228,ciciya-lal,Not able to add GPU accelerate for multi supporting zones.,open,0,0,0,0,0,0,0,0,2019-04-02 03:19:14 UTC,2019-04-02 11:59:57 UTC,https://api.github.com/repos/spinnaker/spinnaker/issues/4228
4223,vishalsparmar,spinnaker azure permission authorization SAML,open,0,0,0,0,0,0,0,0,2019-04-01 17:05:13 UTC,2019-04-02 14:24:05 UTC,https://api.github.com/repos/spinnaker/spinnaker/issues/4223
4219,aegershman,Idempotent halyard commands when adding/editing config,open,0,0,0,0,0,0,0,0,2019-03-29 20:22:18 UTC,2019-04-02 14:25:09 UTC,https://api.github.com/repos/spinnaker/spinnaker/issues/4219
4214,saimadineni,"Clouddriver lambda api only gets a list of all the functions in an AWS account, doesn't let you get details of an individual function",open,0,0,0,0,0,0,0,0,2019-03-29 04:37:42 UTC,2019-03-29 04:37:42 UTC,https://api.github.com/repos/spinnaker/spinnaker/issues/4214
4213,saimadineni,Update lambda function API documentation,open,0,0,0,0,0,0,0,0,2019-03-29 03:50:53 UTC,2019-03-29 03:50:53 UTC,https://api.github.com/repos/spinnaker/spinnaker/issues/4213
4212,rihtak06,"Access to kubernetes cluster ",open,0,0,0,0,0,0,0,0,2019-03-28 18:10:32 UTC,2019-03-28 18:10:32 UTC,https://api.github.com/repos/spinnaker/spinnaker/issues/4212
4209,mohitdevops3,! ERROR Unexpected exception: java.lang.NullPointerException,open,0,0,0,0,0,0,0,0,2019-03-28 10:08:27 UTC,2019-03-28 14:15:02 UTC,https://api.github.com/repos/spinnaker/spinnaker/issues/4209
4207,neelimamanubolu,Events are not generating when pipeline get deleted.,open,0,0,0,0,0,0,0,0,2019-03-28 10:55:28 UTC,2019-03-28 10:57:06 UTC,https://api.github.com/repos/spinnaker/spinnaker/issues/4207
4202,hareku,user-search-filter is not working,open,0,0,0,0,0,0,0,0,2019-03-27 08:38:27 UTC,2019-03-27 08:41:04 UTC,https://api.github.com/repos/spinnaker/spinnaker/issues/4202
4196,dniel,Add support for HTTP header authentication,open,0,0,0,0,0,0,0,0,2019-03-26 17:01:11 UTC,2019-03-26 17:01:11 UTC,https://api.github.com/repos/spinnaker/spinnaker/issues/4196
4187,eddycharly,Rosco (AWS) seems to ignore the aws associate public ip address setting when set to false,open,0,0,0,0,0,0,0,0,2019-03-25 10:52:26 UTC,2019-03-25 20:28:41 UTC,https://api.github.com/repos/spinnaker/spinnaker/issues/4187
4182,yinanfang,Unable to Authenticate with Google when Google group has no name,open,0,0,0,0,0,0,0,0,2019-03-22 23:58:47 UTC,2019-03-22 23:59:33 UTC,https://api.github.com/repos/spinnaker/spinnaker/issues/4182
4174,bytesandwich,feat(echo): new notification type: Bitbucket status check,open,0,0,0,0,0,0,0,0,2019-03-22 00:39:33 UTC,2019-03-22 14:09:57 UTC,https://api.github.com/repos/spinnaker/spinnaker/issues/4174
4173,jasonjchu,Add Cloud Foundry integration tests to centralized testing suite,open,0,0,0,0,0,0,0,0,2019-03-21 21:59:46 UTC,2019-03-22 14:10:27 UTC,https://api.github.com/repos/spinnaker/spinnaker/issues/4173
4158,stewchen,Restrict template variable scope on MPTs.,open,0,0,0,0,0,0,0,0,2019-03-20 18:15:15 UTC,2019-03-20 19:17:13 UTC,https://api.github.com/repos/spinnaker/spinnaker/issues/4158
4157,sbwsg,Add Pagination to the Pipeline Templates List,open,0,0,0,0,0,0,0,0,2019-03-20 16:19:47 UTC,2019-03-20 16:19:47 UTC,https://api.github.com/repos/spinnaker/spinnaker/issues/4157
4154,Manigunner,Issue while running hal config provider kubernetes enable --debug,open,0,0,0,0,0,0,0,0,2019-03-20 05:30:08 UTC,2019-03-20 05:30:08 UTC,https://api.github.com/repos/spinnaker/spinnaker/issues/4154
4138,gcarter-comcast,Broaden Notion of Deploy,open,0,0,0,0,0,0,0,0,2019-03-18 20:10:12 UTC,2019-03-19 17:03:14 UTC,https://api.github.com/repos/spinnaker/spinnaker/issues/4138
4129,darkrasid,could not make comparable canary query,open,0,0,0,0,0,0,0,0,2019-03-16 08:08:18 UTC,2019-04-11 21:28:18 UTC,https://api.github.com/repos/spinnaker/spinnaker/issues/4129
4125,haf,[hal] gcr dockerRegistry fails to register,open,0,0,0,0,0,0,0,0,2019-03-15 15:15:29 UTC,2019-03-15 15:15:29 UTC,https://api.github.com/repos/spinnaker/spinnaker/issues/4125
4121,alex25555,The Rosco service does not handle hal redeployments with updated/new configs gracefully during active baking,open,0,0,0,0,0,0,0,0,2019-03-14 19:11:31 UTC,2019-03-14 19:26:22 UTC,https://api.github.com/repos/spinnaker/spinnaker/issues/4121
4119,sbwsg,Surface autocomplete list of available pubsub notification names from echo,open,0,0,0,0,0,0,0,0,2019-03-14 16:02:08 UTC,2019-03-14 16:02:08 UTC,https://api.github.com/repos/spinnaker/spinnaker/issues/4119
4118,ciciya-lal,Redis cache is not getting refreshed even after making modification in clouddriver.yml file.,open,0,0,0,0,0,0,0,0,2019-03-14 11:57:13 UTC,2019-03-14 11:57:13 UTC,https://api.github.com/repos/spinnaker/spinnaker/issues/4118
4117,small-melon,Do you choose multiple branches  on Manual-Judgment stage ?,open,0,0,0,0,0,0,0,0,2019-03-14 10:18:36 UTC,2019-03-15 08:43:24 UTC,https://api.github.com/repos/spinnaker/spinnaker/issues/4117
4114,iniinikoski,Rosco's packer is a bit older one,open,0,0,0,0,0,0,0,0,2019-03-13 17:12:15 UTC,2019-03-14 13:41:48 UTC,https://api.github.com/repos/spinnaker/spinnaker/issues/4114
4102,maggieneterval,Remove unused local storage caches for GCE,open,0,0,0,0,0,0,0,0,2019-03-12 14:39:13 UTC,2019-03-12 14:40:44 UTC,https://api.github.com/repos/spinnaker/spinnaker/issues/4102
4096,saisantoshi76,Front50 controller is going to CrashLoopBack when deployed to GKE but storage is Oracle Object Store,open,0,0,0,0,0,0,0,0,2019-03-11 06:08:01 UTC,2019-03-11 06:08:01 UTC,https://api.github.com/repos/spinnaker/spinnaker/issues/4096
4093,e96wic,Question|Front50: Unexpected stale read for <PipelineId>,open,0,0,0,0,0,0,0,0,2019-03-09 18:55:22 UTC,2019-03-09 18:55:22 UTC,https://api.github.com/repos/spinnaker/spinnaker/issues/4093
4081,bhavith,Handle OPTIONS preflight when IAP is enabled.,open,0,0,0,0,0,0,0,0,2019-03-07 16:03:56 UTC,2019-03-07 16:12:21 UTC,https://api.github.com/repos/spinnaker/spinnaker/issues/4081
4077,sgarlick987,Kubernets v2 provider: versioned secret not bound for flexvolume secretRef,open,0,0,0,0,0,0,0,0,2019-03-06 23:26:08 UTC,2019-03-09 01:38:35 UTC,https://api.github.com/repos/spinnaker/spinnaker/issues/4077
4076,ysawa0,Canary report links not appearing in Canary Analysis stage details,open,0,0,0,0,0,0,0,0,2019-03-06 22:44:22 UTC,2019-03-07 17:51:45 UTC,https://api.github.com/repos/spinnaker/spinnaker/issues/4076
4060,musabmasood,gs://halconfig,open,0,0,0,0,0,0,0,0,2019-03-01 14:58:25 UTC,2019-03-05 16:48:20 UTC,https://api.github.com/repos/spinnaker/spinnaker/issues/4060
4057,jkumar-roambee,spinnaker schduler page loading cron container logs on page loading,open,0,0,0,0,0,0,0,0,2019-03-01 05:25:01 UTC,2019-03-02 12:09:21 UTC,https://api.github.com/repos/spinnaker/spinnaker/issues/4057
4003,ttomsu,FR: Ability to list all pipelines configured for an application,open,0,0,0,0,0,0,0,0,2019-02-20 14:08:47 UTC,2019-02-20 14:09:02 UTC,https://api.github.com/repos/spinnaker/spinnaker/issues/4003
4002,ttomsu,FR: Ability to list all recent pipeline executions,open,0,0,0,0,0,0,0,0,2019-02-20 13:29:38 UTC,2019-02-20 13:30:52 UTC,https://api.github.com/repos/spinnaker/spinnaker/issues/4002
3936,dbyron0,please document how clouddriver instances share work,open,0,0,0,0,0,0,0,0,2019-02-05 18:36:22 UTC,2019-03-12 12:30:09 UTC,https://api.github.com/repos/spinnaker/spinnaker/issues/3936
3933,siddhu208,Allow searching through multiple OUs in LDAP,open,0,0,0,0,0,0,0,0,2019-02-05 00:47:36 UTC,2019-03-08 23:14:07 UTC,https://api.github.com/repos/spinnaker/spinnaker/issues/3933
3900,sbwsg,Populate fields in a pipeline with the default values defined in a pipeline template,open,0,0,0,0,0,0,0,0,2019-01-29 16:11:17 UTC,2019-01-29 17:31:53 UTC,https://api.github.com/repos/spinnaker/spinnaker/issues/3900
3899,sbwsg,Render only the values in an Enum variable defined in a template,open,0,0,0,0,0,0,0,0,2019-01-29 15:58:49 UTC,2019-01-29 17:32:01 UTC,https://api.github.com/repos/spinnaker/spinnaker/issues/3899
3898,sbwsg,Templated Pipelines fields with hard-coded template values should not be editable,open,0,0,0,0,0,0,0,0,2019-01-29 15:53:22 UTC,2019-01-29 17:31:47 UTC,https://api.github.com/repos/spinnaker/spinnaker/issues/3898
3897,sbwsg,Indicate when a Pipeline is based on an MPT v2 Pipeline Template,open,0,0,0,0,0,0,0,0,2019-01-29 15:46:55 UTC,2019-01-29 17:31:41 UTC,https://api.github.com/repos/spinnaker/spinnaker/issues/3897
3896,sbwsg,Create a Template Editor UI to improve on the JSON copy/paste template workflow,open,0,0,0,0,0,0,0,0,2019-01-29 15:40:09 UTC,2019-01-29 17:32:10 UTC,https://api.github.com/repos/spinnaker/spinnaker/issues/3896
3890,sbwsg,"Add an ""Edit Template"" button to entries in the Pipeline Templates list",open,0,0,0,0,0,0,0,0,2019-01-28 22:02:50 UTC,2019-01-29 17:31:24 UTC,https://api.github.com/repos/spinnaker/spinnaker/issues/3890
3773,ttomsu,Cache response from BOM GCS request,open,0,0,0,0,0,0,0,0,2018-12-20 15:55:25 UTC,2018-12-20 15:55:25 UTC,https://api.github.com/repos/spinnaker/spinnaker/issues/3773
4300,Jammy-Louie,CF - remove the env constraint when creating cf accounts,open,1,0,0,0,0,0,0,0,2019-04-15 19:43:03 UTC,2019-04-15 19:45:28 UTC,https://api.github.com/repos/spinnaker/spinnaker/issues/4300
4299,seanpeters86,[GCE] Find image from Cluster does not respect region selection,open,1,0,0,0,0,0,0,0,2019-04-15 18:49:06 UTC,2019-04-15 18:51:25 UTC,https://api.github.com/repos/spinnaker/spinnaker/issues/4299
4298,Jammy-Louie,CF - Remove the `React2Angular` conversion for loadBalancer and Instance Details,open,1,0,0,0,0,0,0,0,2019-04-15 18:45:34 UTC,2019-04-15 18:50:26 UTC,https://api.github.com/repos/spinnaker/spinnaker/issues/4298
4288,Jammy-Louie,CF - Display security groups (CF network policies),open,1,0,0,0,0,0,0,0,2019-04-15 14:32:24 UTC,2019-04-15 14:35:25 UTC,https://api.github.com/repos/spinnaker/spinnaker/issues/4288
4284,stuart-pollock,Remove React-to-Angular shims from pipeline stages,open,1,0,0,0,0,0,0,0,2019-04-12 19:41:40 UTC,2019-04-12 19:45:22 UTC,https://api.github.com/repos/spinnaker/spinnaker/issues/4284
4274,seanpeters86,[GCE] Server group information is not displaying accurate instance counts,open,1,0,0,0,0,0,0,0,2019-04-10 21:05:38 UTC,2019-04-12 16:44:02 UTC,https://api.github.com/repos/spinnaker/spinnaker/issues/4274
4271,jfillo,Feature Request (deck): Show Ingress hostnames in status panel,open,1,0,0,0,0,0,0,0,2019-04-10 14:17:40 UTC,2019-04-11 17:34:36 UTC,https://api.github.com/repos/spinnaker/spinnaker/issues/4271
4265,seanpeters86,[GCE] Need a way to make GCE timeouts configurable,open,1,0,0,0,0,0,0,0,2019-04-09 18:03:45 UTC,2019-04-10 20:42:30 UTC,https://api.github.com/repos/spinnaker/spinnaker/issues/4265
4260,stuart-pollock,Add SpEL Expression Support For Service Keys,open,1,0,0,0,0,0,0,0,2019-04-08 14:31:09 UTC,2019-04-08 14:32:38 UTC,https://api.github.com/repos/spinnaker/spinnaker/issues/4260
4259,stuart-pollock,Make Create Service Key Idempotent,open,1,0,0,0,0,0,0,0,2019-04-08 14:25:58 UTC,2019-04-08 14:30:23 UTC,https://api.github.com/repos/spinnaker/spinnaker/issues/4259
4258,Jammy-Louie,CF - Add Deployment strategy to Clone SG,open,1,0,0,0,0,0,0,0,2019-04-08 14:23:54 UTC,2019-04-08 14:25:21 UTC,https://api.github.com/repos/spinnaker/spinnaker/issues/4258
4250,stuart-pollock,Add Delete Service Key Pipeline Stage,open,1,0,0,0,0,0,0,0,2019-04-05 13:31:35 UTC,2019-04-05 13:35:19 UTC,https://api.github.com/repos/spinnaker/spinnaker/issues/4250
4236,ealebed,"Feature request: Cleanup kubernetes resources in cluster automatically ",open,1,0,0,0,0,0,0,0,2019-04-03 07:26:24 UTC,2019-04-03 17:23:20 UTC,https://api.github.com/repos/spinnaker/spinnaker/issues/4236
4235,estebangarcia,Expression in Canary Config not evaluated properly,open,1,0,0,0,0,0,0,0,2019-04-03 07:18:16 UTC,2019-04-11 13:18:03 UTC,https://api.github.com/repos/spinnaker/spinnaker/issues/4235
4226,dratcliff,Unsuccessful default namespace resolution in Kubernetes v2 provider,open,1,0,0,0,0,0,0,0,2019-04-01 21:02:14 UTC,2019-04-02 00:50:38 UTC,https://api.github.com/repos/spinnaker/spinnaker/issues/4226
4216,jasonjchu,CF: AppsManager URI does not appear under server group details,open,1,0,0,0,0,0,0,0,2019-03-29 15:39:18 UTC,2019-03-29 15:40:22 UTC,https://api.github.com/repos/spinnaker/spinnaker/issues/4216
4211,jasonjchu,CF - Clone server group does not set environment variables,open,1,0,0,0,0,0,0,0,2019-03-28 15:49:26 UTC,2019-03-28 15:50:24 UTC,https://api.github.com/repos/spinnaker/spinnaker/issues/4211
4203,eddycharly,How to set regexes for travis CI masters using `hal` ?,open,1,0,0,0,0,0,0,0,2019-03-27 10:30:25 UTC,2019-03-27 11:19:23 UTC,https://api.github.com/repos/spinnaker/spinnaker/issues/4203
4193,jasonjchu,Selecting Cloud Foundry as provider in resize server group stage does work properly,open,1,0,0,0,0,0,0,0,2019-03-25 21:30:09 UTC,2019-03-27 00:25:22 UTC,https://api.github.com/repos/spinnaker/spinnaker/issues/4193
4192,seanpeters86,[GCE] All securityGroups are shown for every instance in a Shared VPC,open,1,0,0,0,0,0,0,0,2019-03-25 20:07:59 UTC,2019-03-27 19:58:19 UTC,https://api.github.com/repos/spinnaker/spinnaker/issues/4192
4191,jmelchio,HAL error with CF accounts,open,1,0,0,0,0,0,0,0,2019-03-25 17:43:50 UTC,2019-03-25 17:45:07 UTC,https://api.github.com/repos/spinnaker/spinnaker/issues/4191
4189,vevoVT,AuthZ & AuthN via gate to access Spinnaker API,open,1,0,0,0,0,0,0,0,2019-03-25 13:34:59 UTC,2019-04-10 00:14:49 UTC,https://api.github.com/repos/spinnaker/spinnaker/issues/4189
4180,jasonjchu,Rollback Cluster pipeline stage does not work,open,1,0,0,0,0,0,0,0,2019-03-22 16:06:38 UTC,2019-03-22 18:45:20 UTC,https://api.github.com/repos/spinnaker/spinnaker/issues/4180
4178,sudhakaropsmx,Make logicalTtlSeconds configurable Kubernetes V2,open,1,0,0,0,0,0,0,0,2019-03-22 15:57:49 UTC,2019-04-02 22:43:53 UTC,https://api.github.com/repos/spinnaker/spinnaker/issues/4178
4163,jasonjchu,Error message incorrect when mapping to invalid load balancer,open,1,0,0,0,0,0,0,0,2019-03-20 20:50:47 UTC,2019-03-20 20:55:23 UTC,https://api.github.com/repos/spinnaker/spinnaker/issues/4163
4148,stuart-pollock,Inconsistent Use Of 'Load Balancer' Vs. 'Route',open,1,0,0,0,0,0,0,0,2019-03-19 19:49:35 UTC,2019-03-19 19:50:18 UTC,https://api.github.com/repos/spinnaker/spinnaker/issues/4148
4141,adyanthaya17,Spinnaker: ERROR Account my-openstack-account is not in a provider that   supports distributed installation of Spinnaker yet,open,1,0,0,0,0,0,0,0,2019-03-19 05:00:37 UTC,2019-04-10 00:18:22 UTC,https://api.github.com/repos/spinnaker/spinnaker/issues/4141
4137,stuart-pollock,Destroy Service Should Be Idempotent,open,1,0,0,0,0,0,0,0,2019-03-18 18:47:15 UTC,2019-03-18 18:55:21 UTC,https://api.github.com/repos/spinnaker/spinnaker/issues/4137
4136,stuart-pollock,Sharing CF Service Instance Fails To Share Previously Shared Instance,open,1,0,0,0,0,0,0,0,2019-03-18 16:31:23 UTC,2019-03-18 16:35:29 UTC,https://api.github.com/repos/spinnaker/spinnaker/issues/4136
4130,e96wic,"Help needed for ""Deploy Manifest"" and ""Find From Resource"" stages",open,1,0,0,0,0,0,0,0,2019-03-17 15:44:47 UTC,2019-03-18 23:08:31 UTC,https://api.github.com/repos/spinnaker/spinnaker/issues/4130
4126,sbwsg,Add halyard flag to strip out sensitive fields when printing config,open,1,0,0,0,0,0,0,0,2019-03-15 16:51:51 UTC,2019-03-27 04:00:41 UTC,https://api.github.com/repos/spinnaker/spinnaker/issues/4126
4107,skim1420,FR: Register an Application CRD when Spinnaker is installed on Kubernetes,open,1,0,0,0,0,0,0,0,2019-03-12 18:42:18 UTC,2019-03-12 18:43:52 UTC,https://api.github.com/repos/spinnaker/spinnaker/issues/4107
4073,coolpalani,DockerRegistry Integrations with Harbor,open,1,0,0,0,0,0,0,0,2019-03-06 14:41:43 UTC,2019-03-06 19:02:18 UTC,https://api.github.com/repos/spinnaker/spinnaker/issues/4073
4055,jtk54,spin CLI: Tune execute command backoff and error messaging,open,1,0,0,0,0,0,0,0,2019-02-28 20:20:27 UTC,2019-04-15 14:09:49 UTC,https://api.github.com/repos/spinnaker/spinnaker/issues/4055
4047,vazexqi,Seeing `error calling gt: incompatible types for comparison` in rosco during Manifest Bake stage,open,1,0,0,0,0,0,0,0,2019-02-27 05:25:08 UTC,2019-04-13 18:30:16 UTC,https://api.github.com/repos/spinnaker/spinnaker/issues/4047
4043,bl9690,Run Job failing,open,1,0,0,0,0,0,0,0,2019-02-26 18:44:42 UTC,2019-03-18 00:40:32 UTC,https://api.github.com/repos/spinnaker/spinnaker/issues/4043
4042,TrevinTeacutter,RFC - Delivery of sensitive data to providers,open,1,0,0,0,0,0,0,0,2019-02-26 18:14:41 UTC,2019-03-26 18:17:06 UTC,https://api.github.com/repos/spinnaker/spinnaker/issues/4042
4040,sbwsg,Add functional test to ensure that AWS scaling policy tooltip changes when user moves mouse to different scaling policy,open,1,0,0,0,0,0,0,0,2019-02-26 15:48:34 UTC,2019-04-12 15:50:26 UTC,https://api.github.com/repos/spinnaker/spinnaker/issues/4040
4035,robzienert,refactor(echo): Remove scheduled-actions as engine for cron,open,1,0,0,0,0,0,0,0,2019-02-26 05:11:29 UTC,2019-04-12 05:20:18 UTC,https://api.github.com/repos/spinnaker/spinnaker/issues/4035
4034,robzienert,feature(kork): Greedy PropertyMigrationListener for Spring Boot 2 upgrade,open,1,0,0,0,0,0,0,0,2019-02-26 05:06:07 UTC,2019-04-12 05:10:20 UTC,https://api.github.com/repos/spinnaker/spinnaker/issues/4034
4033,robzienert,feature(kork): Spectator Spring Boot 2 metrics Endpoint,open,1,0,0,0,0,0,0,0,2019-02-26 04:59:24 UTC,2019-04-12 05:00:17 UTC,https://api.github.com/repos/spinnaker/spinnaker/issues/4033
4032,robzienert,feature(kork): Spectator/Micrometer Bridge,open,1,0,0,0,0,0,0,0,2019-02-26 04:54:52 UTC,2019-04-12 05:00:19 UTC,https://api.github.com/repos/spinnaker/spinnaker/issues/4032
4025,vishalsparmar,need Deploy manifest Stage Account to be parameter driven in pipeline stage,open,1,0,0,0,0,0,0,0,2019-02-23 22:09:27 UTC,2019-04-11 21:40:20 UTC,https://api.github.com/repos/spinnaker/spinnaker/issues/4025
4021,matthack,[clouddriver/aws] Cluster info not displaying for cluster that exists,open,1,0,0,0,0,0,0,0,2019-02-23 02:52:00 UTC,2019-04-09 02:55:15 UTC,https://api.github.com/repos/spinnaker/spinnaker/issues/4021
4020,rafitadiaz,Wrong scope in github shows the error retrofit.RetrofitError: 500. Instead FailedDownloadException trying to get an artifact,open,1,0,0,0,0,0,0,0,2019-02-22 16:26:30 UTC,2019-04-11 21:40:22 UTC,https://api.github.com/repos/spinnaker/spinnaker/issues/4020
4018,TimSin,Allow multiple target container ports for ECS tasks,open,1,0,0,0,0,0,0,0,2019-02-22 10:47:22 UTC,2019-04-02 16:45:21 UTC,https://api.github.com/repos/spinnaker/spinnaker/issues/4018
4016,asetty,Undo Rollout for StatefulSet with Kubernetes V2 provider not supported,open,1,0,0,0,0,0,0,0,2019-02-21 22:35:33 UTC,2019-04-11 19:56:54 UTC,https://api.github.com/repos/spinnaker/spinnaker/issues/4016
4012,bainss,Deploy artifacts from Github Enterprise,open,1,0,0,0,0,0,0,0,2019-02-21 13:10:02 UTC,2019-04-07 20:55:20 UTC,https://api.github.com/repos/spinnaker/spinnaker/issues/4012
4006,kevinheins,Clouddriver doesn't support Azure Government,open,1,0,0,0,0,0,0,0,2019-02-20 19:49:54 UTC,2019-04-06 19:55:14 UTC,https://api.github.com/repos/spinnaker/spinnaker/issues/4006
3998,joachimroeleveld,GCS artifact parsing missing from jinja template,open,1,0,0,0,0,0,0,0,2019-02-20 10:39:53 UTC,2019-04-06 10:45:15 UTC,https://api.github.com/repos/spinnaker/spinnaker/issues/3998
3996,stsully,rosco does not honor pipeline execution setting for stageTimeoutMs,open,1,0,0,0,0,0,0,0,2019-02-19 21:02:23 UTC,2019-04-07 20:55:23 UTC,https://api.github.com/repos/spinnaker/spinnaker/issues/3996
3990,patil16nit,card,open,1,0,0,0,0,0,0,0,2019-02-19 10:48:26 UTC,2019-04-05 10:50:22 UTC,https://api.github.com/repos/spinnaker/spinnaker/issues/3990
3989,patil16nit,card,open,1,0,0,0,0,0,0,0,2019-02-19 10:48:25 UTC,2019-04-05 10:50:23 UTC,https://api.github.com/repos/spinnaker/spinnaker/issues/3989
3985,bahetianurag,Failed to Deploy Spinnaker,open,1,0,0,0,0,0,0,0,2019-02-18 10:25:01 UTC,2019-04-04 10:30:27 UTC,https://api.github.com/repos/spinnaker/spinnaker/issues/3985
3963,RocketRaccoon,Support java.util.Base64 as whitelisted Java class,open,1,0,0,0,0,0,0,0,2019-02-12 19:18:30 UTC,2019-03-29 19:20:22 UTC,https://api.github.com/repos/spinnaker/spinnaker/issues/3963
3962,ricklagerweij,Spinnaker uses way too much CPU,open,1,0,0,0,0,0,0,0,2019-02-12 16:50:48 UTC,2019-03-31 17:05:23 UTC,https://api.github.com/repos/spinnaker/spinnaker/issues/3962
3957,xavileon,Feature proposal: discover artifact account from artifact reference,open,1,0,0,0,0,0,0,0,2019-02-11 12:56:33 UTC,2019-03-29 00:55:19 UTC,https://api.github.com/repos/spinnaker/spinnaker/issues/3957
3938,ezimanyi,Improvements to usability for artifacts,open,1,0,0,0,0,0,0,0,2019-02-05 21:41:25 UTC,2019-03-22 21:45:19 UTC,https://api.github.com/repos/spinnaker/spinnaker/issues/3938
3918,ttomsu,Halyard needs unit tests for configmap/secret output,open,1,0,0,0,0,0,0,0,2019-01-31 18:01:01 UTC,2019-03-23 19:15:20 UTC,https://api.github.com/repos/spinnaker/spinnaker/issues/3918
3895,sbwsg,"Add an ""+ Add Template"" button to the Pipeline Template list screen",open,1,0,0,0,0,0,0,0,2019-01-29 14:38:52 UTC,2019-03-15 14:40:30 UTC,https://api.github.com/repos/spinnaker/spinnaker/issues/3895
3892,ricklagerweij,Clouddriver crash after x amount of time.,open,1,0,0,0,0,0,0,0,2019-01-29 12:59:54 UTC,2019-03-15 17:10:23 UTC,https://api.github.com/repos/spinnaker/spinnaker/issues/3892
3886,abergmeier,Refactor code around DaemonTaskHandler,open,1,0,0,0,0,0,0,0,2019-01-28 07:48:08 UTC,2019-03-14 07:50:17 UTC,https://api.github.com/repos/spinnaker/spinnaker/issues/3886
3874,charliezang,One build of jenkins job triggered five pipeline executions instead of one,open,1,0,0,0,0,0,0,0,2019-01-24 02:28:01 UTC,2019-03-10 02:30:19 UTC,https://api.github.com/repos/spinnaker/spinnaker/issues/3874
3863,CodingFanSteve,config(google) Update GCE base URL to the new domain,open,1,0,0,0,0,0,0,0,2019-01-18 18:14:33 UTC,2019-03-09 19:50:18 UTC,https://api.github.com/repos/spinnaker/spinnaker/issues/3863
3846,WoodProgrammer,Api Gateway Ingress Error,open,1,0,0,0,0,0,0,0,2019-01-14 14:56:26 UTC,2019-03-09 19:45:14 UTC,https://api.github.com/repos/spinnaker/spinnaker/issues/3846
3843,link108,Intermittent test failures in com.netflix.spinnaker.kork.jedis.locking.RedisLockManagerSpec,open,1,0,0,0,0,0,0,0,2019-01-11 23:45:57 UTC,2019-03-09 19:45:15 UTC,https://api.github.com/repos/spinnaker/spinnaker/issues/3843
3811,eaceaser,"feat(sponnet): adds helm bake manifest stages, pipeline params",open,1,0,0,0,0,0,0,0,2019-01-04 20:01:33 UTC,2019-04-11 19:17:36 UTC,https://api.github.com/repos/spinnaker/spinnaker/issues/3811
3565,lwander,Investigate use of beta GCE endpoints,open,1,0,0,0,0,0,0,0,2018-11-06 18:06:08 UTC,2018-12-21 18:37:53 UTC,https://api.github.com/repos/spinnaker/spinnaker/issues/3565
3479,robzienert,RFC: Orca Execution State Tracing,open,1,0,0,0,0,0,0,0,2018-10-19 21:05:24 UTC,2019-03-05 20:42:37 UTC,https://api.github.com/repos/spinnaker/spinnaker/issues/3479
4294,iniinikoski,Gate does not start (Java Keystore file not found) when using Halyard 1.19.0,open,2,0,0,0,0,0,0,0,2019-04-15 16:21:25 UTC,2019-04-15 21:05:14 UTC,https://api.github.com/repos/spinnaker/spinnaker/issues/4294
4293,Jammy-Louie,"CF - Delete security groups (CF network policies) ",open,2,0,0,0,0,0,0,0,2019-04-15 16:07:16 UTC,2019-04-15 16:10:26 UTC,https://api.github.com/repos/spinnaker/spinnaker/issues/4293
4289,Jammy-Louie,CF - Add security groups (CF network policies),open,2,0,0,0,0,0,0,0,2019-04-15 15:10:13 UTC,2019-04-15 16:01:26 UTC,https://api.github.com/repos/spinnaker/spinnaker/issues/4289
4282,bhaskar-chenchu,"Spin-gate pod readiness probe failing when SSL enabled ",open,2,0,0,0,0,0,0,0,2019-04-12 14:19:51 UTC,2019-04-12 14:31:31 UTC,https://api.github.com/repos/spinnaker/spinnaker/issues/4282
4276,JamieChe,wait 10 mins to have access to new created application in 1.13.x,open,2,0,0,0,0,0,0,0,2019-04-11 03:20:10 UTC,2019-04-15 18:15:21 UTC,https://api.github.com/repos/spinnaker/spinnaker/issues/4276
4242,stuart-pollock,Add Create Service Key Pipeline Stage,open,2,0,0,0,0,0,0,0,2019-04-04 13:56:56 UTC,2019-04-05 16:06:25 UTC,https://api.github.com/repos/spinnaker/spinnaker/issues/4242
4238,jasonjchu,CF: Concourse trigger throws a certificate error in igor,open,2,0,0,0,0,0,0,0,2019-04-03 17:58:14 UTC,2019-04-03 18:48:32 UTC,https://api.github.com/repos/spinnaker/spinnaker/issues/4238
4232,dodizzle,feature(sponnet) Add parameters to jenkins job stage,open,2,0,0,0,0,0,0,0,2019-04-02 19:15:58 UTC,2019-04-03 16:01:10 UTC,https://api.github.com/repos/spinnaker/spinnaker/issues/4232
4222,jfillo,feat(halyard): k8s v2 deploy should support dockerRegistry override,open,2,0,0,0,0,0,0,0,2019-04-01 16:41:45 UTC,2019-04-01 18:50:40 UTC,https://api.github.com/repos/spinnaker/spinnaker/issues/4222
4166,papanito,Failed to parse kubectl output: com.google.gson.stream.MalformedJsonException,open,2,0,0,0,0,0,0,0,2019-03-21 10:36:53 UTC,2019-04-11 21:25:29 UTC,https://api.github.com/repos/spinnaker/spinnaker/issues/4166
4159,stewchen,Pipeline templates do not resolve variables in child pipelines,open,2,0,0,0,0,0,0,0,2019-03-20 18:19:18 UTC,2019-03-28 16:22:57 UTC,https://api.github.com/repos/spinnaker/spinnaker/issues/4159
4128,saimadineni,"Unable to create aws lambda functions ",open,2,0,0,0,0,0,0,0,2019-03-15 22:26:53 UTC,2019-03-19 04:14:37 UTC,https://api.github.com/repos/spinnaker/spinnaker/issues/4128
4120,jtdawso,Bitbucket Commit trigger failing to trigger pipeline,open,2,0,0,0,0,0,0,0,2019-03-14 16:39:21 UTC,2019-04-02 19:32:34 UTC,https://api.github.com/repos/spinnaker/spinnaker/issues/4120
4115,stuart-pollock,"Deploy Service Pipeline Stage Does Not Populate Persisted Data ",open,2,0,0,0,0,0,0,0,2019-03-13 19:20:36 UTC,2019-03-13 19:25:28 UTC,https://api.github.com/repos/spinnaker/spinnaker/issues/4115
4109,Murodese,Unable to Deploy (Manifest) Redis 6.4.0 Chart,open,2,0,0,0,0,0,0,0,2019-03-13 04:03:28 UTC,2019-03-15 01:31:14 UTC,https://api.github.com/repos/spinnaker/spinnaker/issues/4109
4054,Jammy-Louie,Add a Concourse trigger stage in spinnaker,open,2,0,0,0,0,0,0,0,2019-02-28 18:50:19 UTC,2019-04-14 19:00:20 UTC,https://api.github.com/repos/spinnaker/spinnaker/issues/4054
4053,clanesf,Google Provider: Doesn't remove networks when removing account.,open,2,0,0,0,0,0,0,0,2019-02-28 05:15:55 UTC,2019-04-14 14:45:20 UTC,https://api.github.com/repos/spinnaker/spinnaker/issues/4053
4030,tillig,"Ability to block one pipeline from starting while another is running; or, try/finally support",open,2,0,0,0,0,0,0,0,2019-02-25 20:50:14 UTC,2019-04-11 21:00:30 UTC,https://api.github.com/repos/spinnaker/spinnaker/issues/4030
4028,purkhusid,Webhooks occasionally not triggering pipelines,open,2,0,0,0,0,0,0,0,2019-02-25 14:19:30 UTC,2019-04-15 21:10:17 UTC,https://api.github.com/repos/spinnaker/spinnaker/issues/4028
4027,WakeupTsai,Orca consumes most of the cpu and memory,open,2,0,0,0,0,0,0,0,2019-02-25 10:02:16 UTC,2019-04-12 02:55:22 UTC,https://api.github.com/repos/spinnaker/spinnaker/issues/4027
4011,daviddyball,Feature request: Kubernetes Server-Side Dry Run Support Stage,open,2,0,0,0,0,0,0,0,2019-02-21 12:22:47 UTC,2019-04-08 11:55:15 UTC,https://api.github.com/repos/spinnaker/spinnaker/issues/4011
4009,ysawa0,"Page freezes with ""Maximum call stack size exceeded error"" when trying to view a pipeline's details page during execution",open,2,0,0,0,0,0,0,0,2019-02-20 22:24:13 UTC,2019-04-07 20:50:18 UTC,https://api.github.com/repos/spinnaker/spinnaker/issues/4009
3991,timoris,Spinnaker v1 deployments creates another empty replicaset,open,2,0,0,0,0,0,0,0,2019-02-19 13:50:02 UTC,2019-03-05 20:47:20 UTC,https://api.github.com/repos/spinnaker/spinnaker/issues/3991
3964,bytesandwich,Rosco debianRepository configuration key not transferred from hal profiles or service-settings,open,2,0,0,0,0,0,0,0,2019-02-13 00:37:06 UTC,2019-04-01 17:00:26 UTC,https://api.github.com/repos/spinnaker/spinnaker/issues/3964
3956,costimuraru,Deck pod fails to start in Kubernetes (Syntax error on line 1 of /etc/apache2/ports.conf),open,2,0,0,0,0,0,0,0,2019-02-10 15:59:23 UTC,2019-04-05 01:30:25 UTC,https://api.github.com/repos/spinnaker/spinnaker/issues/3956
3952,jmelchio,hal CLI support for Ivy accounts,open,2,0,0,0,0,0,0,0,2019-02-08 18:46:27 UTC,2019-03-25 18:50:24 UTC,https://api.github.com/repos/spinnaker/spinnaker/issues/3952
3948,ybai2sc,spin-monitoring-daemon could not access gate metrics endpoint after IAP enabled,open,2,0,0,0,0,0,0,0,2019-02-07 18:31:23 UTC,2019-04-01 05:35:17 UTC,https://api.github.com/repos/spinnaker/spinnaker/issues/3948
3929,sergedonaldp,"Cluster names are prefixed with kind ",open,2,0,0,0,0,0,0,0,2019-02-04 15:51:22 UTC,2019-03-14 01:18:54 UTC,https://api.github.com/repos/spinnaker/spinnaker/issues/3929
3925,vital4ik,gate does not come up on GCP marketplace deployed instance after reboot,open,2,0,0,0,0,0,0,0,2019-02-03 17:09:23 UTC,2019-03-20 17:45:33 UTC,https://api.github.com/repos/spinnaker/spinnaker/issues/3925
3920,sammic30,"ERROR Could not load ""versions.yml"" from config bucket: 403",open,2,0,0,0,0,0,0,0,2019-01-31 19:55:32 UTC,2019-03-21 19:05:31 UTC,https://api.github.com/repos/spinnaker/spinnaker/issues/3920
3917,hskendall,Errors cloning the pipeline,open,2,0,0,0,0,0,0,0,2019-01-31 04:20:44 UTC,2019-03-23 19:15:22 UTC,https://api.github.com/repos/spinnaker/spinnaker/issues/3917
3908,rampatnaik,halyard for ubuntu 16.04 should use --allow,open,2,0,0,0,0,0,0,0,2019-01-30 14:45:15 UTC,2019-03-23 19:10:19 UTC,https://api.github.com/repos/spinnaker/spinnaker/issues/3908
3875,JamieChe,igor throws random socket timeout exception when polling jenkins info,open,2,0,0,0,0,0,0,0,2019-01-24 09:44:25 UTC,2019-03-19 03:35:26 UTC,https://api.github.com/repos/spinnaker/spinnaker/issues/3875
3867,dbyron0,feature request: teach kayenta to substitute extendedScopeParams in metricName when using datadog,open,2,0,0,0,0,0,0,0,2019-01-18 22:11:47 UTC,2019-03-04 22:30:16 UTC,https://api.github.com/repos/spinnaker/spinnaker/issues/3867
3866,tillig,Add Azure Storage support for automated canary analysis,open,2,0,0,0,0,0,0,0,2019-01-18 21:21:26 UTC,2019-03-09 20:00:15 UTC,https://api.github.com/repos/spinnaker/spinnaker/issues/3866
3856,ssakizread,spinnaker cloudfoundry - getting staging error,open,2,0,0,0,0,0,0,0,2019-01-16 11:37:49 UTC,2019-04-01 16:10:33 UTC,https://api.github.com/repos/spinnaker/spinnaker/issues/3856
3855,justinrlee,Request: Improve UX around Kayenta (Canary) Config and Stage Configuration,open,2,0,0,0,0,0,0,0,2019-01-15 21:21:16 UTC,2019-03-09 19:55:20 UTC,https://api.github.com/repos/spinnaker/spinnaker/issues/3855
3847,ahsannaseem,Cloud driver throwing s3 access denied error,open,2,0,0,0,0,0,0,0,2019-01-14 17:50:46 UTC,2019-04-15 19:35:26 UTC,https://api.github.com/repos/spinnaker/spinnaker/issues/3847
3845,nmnellis,Bake (Manifest) Overrides string interpolation,open,2,0,0,0,0,0,0,0,2019-01-14 14:25:09 UTC,2019-04-15 19:35:29 UTC,https://api.github.com/repos/spinnaker/spinnaker/issues/3845
3839,rakewill,spin-redis-bootstrap.spinnaker does not resolve in DNS in Kubernetes cluster,open,2,0,0,0,0,0,0,0,2019-01-10 21:04:01 UTC,2019-04-15 19:40:30 UTC,https://api.github.com/repos/spinnaker/spinnaker/issues/3839
3825,jolt23,Enhance DC/OS cloud provider to use marathon file for cluster configuration,open,2,0,0,0,0,0,0,0,2019-01-07 21:47:49 UTC,2019-04-07 21:55:20 UTC,https://api.github.com/repos/spinnaker/spinnaker/issues/3825
3794,brunocriado,Unable to create a new Firewall using ECS Provider,open,2,0,0,0,0,0,0,0,2019-01-02 16:13:50 UTC,2019-04-02 17:51:18 UTC,https://api.github.com/repos/spinnaker/spinnaker/issues/3794
3755,ricklagerweij,Front50 json filenames difference in AWS/GCP,open,2,0,0,0,0,0,0,0,2018-12-18 16:14:16 UTC,2019-03-18 20:20:28 UTC,https://api.github.com/repos/spinnaker/spinnaker/issues/3755
3750,demobox,"Horizontal scroll bar obscured ""details"" in pipeline execution view",open,2,0,0,0,0,0,0,0,2018-12-17 21:51:58 UTC,2019-03-17 22:05:21 UTC,https://api.github.com/repos/spinnaker/spinnaker/issues/3750
3747,lwander,Add moniker labels to Kubernetes V2 resources,open,2,0,0,0,0,0,0,0,2018-12-17 17:49:44 UTC,2019-03-17 17:55:23 UTC,https://api.github.com/repos/spinnaker/spinnaker/issues/3747
3736,jareksm,Halyard deploy fails if kuberentes annotations have regex,open,2,0,0,0,0,0,0,0,2018-12-16 06:21:17 UTC,2019-03-16 06:25:19 UTC,https://api.github.com/repos/spinnaker/spinnaker/issues/3736
3726,buntyray,ERROR Failed to connect to the Azure storage account,open,2,0,0,0,0,0,0,0,2018-12-14 03:14:37 UTC,2019-03-14 03:15:24 UTC,https://api.github.com/repos/spinnaker/spinnaker/issues/3726
3709,abergmeier,Applications cannot be found,open,2,0,0,0,0,0,0,0,2018-12-11 17:08:12 UTC,2019-03-11 17:10:30 UTC,https://api.github.com/repos/spinnaker/spinnaker/issues/3709
3706,rakewill,Container readiness check fails when client certificate authentication is set to NEED,open,2,0,0,0,0,0,0,0,2018-12-10 22:25:36 UTC,2019-03-13 18:00:41 UTC,https://api.github.com/repos/spinnaker/spinnaker/issues/3706
3705,mali-conductor,Pipeline level notifications are not being honored when creating from templates,open,2,0,0,0,0,0,0,0,2018-12-10 21:42:43 UTC,2019-03-13 18:00:48 UTC,https://api.github.com/repos/spinnaker/spinnaker/issues/3705
3682,PeterFCaswell,Spinnaker UI should display times of when an action was performed.,open,2,0,0,0,0,0,0,0,2018-12-03 16:30:37 UTC,2019-03-03 17:05:18 UTC,https://api.github.com/repos/spinnaker/spinnaker/issues/3682
3677,axot,Access kubernetes api via proxy.,open,2,0,0,0,0,0,0,0,2018-11-30 08:02:57 UTC,2019-03-03 17:05:19 UTC,https://api.github.com/repos/spinnaker/spinnaker/issues/3677
4286,bhaskar-chenchu,"Unable to configure SSL & SAML with Spinnaker 1.12.9/ 1.13.3 ",open,3,0,0,0,0,0,0,0,2019-04-15 12:30:16 UTC,2019-04-15 21:22:03 UTC,https://api.github.com/repos/spinnaker/spinnaker/issues/4286
4279,benjaminws,Inconsistent AWS Cache in Clouddriver,open,3,0,0,0,0,0,0,0,2019-04-11 19:25:47 UTC,2019-04-15 13:15:27 UTC,https://api.github.com/repos/spinnaker/spinnaker/issues/4279
4131,jSchnitzer1,Front50: Error starting Tomcat context. Exception,open,3,0,0,0,0,0,0,0,2019-03-17 22:47:59 UTC,2019-03-19 12:29:22 UTC,https://api.github.com/repos/spinnaker/spinnaker/issues/4131
4111,seanpeters86,[OST] Cannot create or edit deploy stage in pipelines,open,3,0,0,0,0,0,0,0,2019-03-13 15:50:44 UTC,2019-04-01 15:38:05 UTC,https://api.github.com/repos/spinnaker/spinnaker/issues/4111
4079,anup13kumar,Loadbalancer not sync with spinnaker,open,3,0,0,0,0,0,0,0,2019-03-07 04:11:17 UTC,2019-03-15 13:26:56 UTC,https://api.github.com/repos/spinnaker/spinnaker/issues/4079
3997,JLLeitschuh,[SECURITY] Releases are built/executed/released in the context of insecure/untrusted code,open,3,0,0,0,0,0,0,0,2019-02-19 21:26:35 UTC,2019-03-27 04:24:58 UTC,https://api.github.com/repos/spinnaker/spinnaker/issues/3997
3979,jmelchio,CF - destroy server group cluster name selection,open,3,0,0,0,0,0,0,0,2019-02-15 16:01:32 UTC,2019-04-01 16:05:34 UTC,https://api.github.com/repos/spinnaker/spinnaker/issues/3979
3967,schefs,halyard dependencies services not pulling from custom docker registry on local BOM,open,3,0,0,0,0,0,0,0,2019-02-13 12:32:11 UTC,2019-03-05 12:34:37 UTC,https://api.github.com/repos/spinnaker/spinnaker/issues/3967
3959,rebalag,Feat(clouddriver/halyard): Support larger number of accounts for Kubernetes Clouddriver,open,3,0,0,0,0,0,0,0,2019-02-11 20:28:27 UTC,2019-03-30 14:55:18 UTC,https://api.github.com/repos/spinnaker/spinnaker/issues/3959
3931,danielmoorthy,Clouddriver account level enable/disable feature,open,3,0,0,0,0,0,0,0,2019-02-04 20:57:47 UTC,2019-03-23 21:25:16 UTC,https://api.github.com/repos/spinnaker/spinnaker/issues/3931
3922,silvez-dh,Deploying manifest from k8s artifact returns retrofit.RetrofitError: 500,open,3,0,0,0,0,0,0,0,2019-02-01 16:49:06 UTC,2019-04-07 01:05:22 UTC,https://api.github.com/repos/spinnaker/spinnaker/issues/3922
3891,sammic30,Shared VPC not found via any configured google account.,open,3,0,0,0,0,0,0,0,2019-01-28 23:39:19 UTC,2019-04-10 00:27:02 UTC,https://api.github.com/repos/spinnaker/spinnaker/issues/3891
3870,okundzich,Enable CF rolling red/black SG deployment strategy,open,3,0,0,0,0,0,0,0,2019-01-21 14:01:12 UTC,2019-04-10 21:20:15 UTC,https://api.github.com/repos/spinnaker/spinnaker/issues/3870
3861,sammic30,sudo bash InstallHalyard.sh is failing on Ubuntu 16.04,open,3,0,0,0,0,0,0,0,2019-01-17 22:04:53 UTC,2019-03-09 19:50:20 UTC,https://api.github.com/repos/spinnaker/spinnaker/issues/3861
3850,WakeupTsai,Didn't create image pull secret and config it in pod yaml file automatically,open,3,0,0,0,0,0,0,0,2019-01-15 09:29:16 UTC,2019-03-27 17:15:31 UTC,https://api.github.com/repos/spinnaker/spinnaker/issues/3850
3844,ezimanyi,Fiat takes a long time to become healthy if it starts up before front50,open,3,0,0,0,0,0,0,0,2019-01-12 00:35:42 UTC,2019-04-12 16:05:31 UTC,https://api.github.com/repos/spinnaker/spinnaker/issues/3844
3832,ahsannaseem,Pipelines are unavailable to view | front50 deployment failing with missing aws credentials,open,3,0,0,0,0,0,0,0,2019-01-09 19:34:44 UTC,2019-04-15 19:40:33 UTC,https://api.github.com/repos/spinnaker/spinnaker/issues/3832
3821,jmelchio,CF - SG capacity showing as N/A in pipeline screen,open,3,0,0,0,0,0,0,0,2019-01-07 15:09:34 UTC,2019-04-07 15:20:23 UTC,https://api.github.com/repos/spinnaker/spinnaker/issues/3821
3819,kaybinwong,can notifications  support webhook?,open,3,0,0,0,0,0,0,0,2019-01-05 16:12:30 UTC,2019-04-14 20:35:24 UTC,https://api.github.com/repos/spinnaker/spinnaker/issues/3819
3788,sp-click2cloud,How to enable new cloud provider in spinnaker?,open,3,0,0,0,0,0,0,0,2018-12-27 07:37:22 UTC,2019-04-04 14:20:41 UTC,https://api.github.com/repos/spinnaker/spinnaker/issues/3788
3786,charles-d-burton,EKS Documentation,open,3,0,0,0,0,0,0,0,2018-12-26 21:18:54 UTC,2019-04-04 14:20:43 UTC,https://api.github.com/repos/spinnaker/spinnaker/issues/3786
3769,WakeupTsai,Bake (manifest) stage not override the value which should be false right,open,3,0,0,0,0,0,0,0,2018-12-20 09:40:42 UTC,2019-03-29 00:55:24 UTC,https://api.github.com/repos/spinnaker/spinnaker/issues/3769
3761,abergmeier,Infinite refresh cyle,open,3,0,0,0,0,0,0,0,2018-12-19 14:17:11 UTC,2019-03-20 19:50:25 UTC,https://api.github.com/repos/spinnaker/spinnaker/issues/3761
3751,demobox,Stage descriptions cropped in pipeline editor view,open,3,0,0,0,0,0,0,0,2018-12-17 21:54:03 UTC,2019-03-17 23:15:22 UTC,https://api.github.com/repos/spinnaker/spinnaker/issues/3751
3731,abergmeier,OpenShift needs different Redis image,open,3,0,0,0,0,0,0,0,2018-12-14 16:39:07 UTC,2019-03-14 16:50:35 UTC,https://api.github.com/repos/spinnaker/spinnaker/issues/3731
3722,azelezni,docker-registry provider ignores --insecure-registry,open,3,0,0,0,0,0,0,0,2018-12-13 12:16:16 UTC,2019-03-25 09:30:32 UTC,https://api.github.com/repos/spinnaker/spinnaker/issues/3722
3708,hfrenzel,Heat template doesn't work with OpenStack Rocky,open,3,0,0,0,0,0,0,0,2018-12-11 15:27:36 UTC,2019-04-05 19:20:42 UTC,https://api.github.com/repos/spinnaker/spinnaker/issues/3708
3693,lwander,Report artifact download errors better,open,3,0,0,0,0,0,0,0,2018-12-06 19:11:43 UTC,2019-03-06 23:00:30 UTC,https://api.github.com/repos/spinnaker/spinnaker/issues/3693
3639,wuzhihui1123,com.amazonaws.services.s3.model.AmazonS3Exception: A header you provided implies functionality that is not implemented,open,3,0,0,0,0,0,0,0,2018-11-23 06:16:11 UTC,2019-03-10 23:25:19 UTC,https://api.github.com/repos/spinnaker/spinnaker/issues/3639
3572,bhuvan,springboot 2.1 upgrade,open,3,0,0,0,0,0,0,0,2018-11-07 20:27:55 UTC,2019-02-21 18:55:17 UTC,https://api.github.com/repos/spinnaker/spinnaker/issues/3572
3568,tobad357,Restrict Github user org uses wrong api,open,3,0,0,0,0,0,0,0,2018-11-07 12:53:25 UTC,2019-03-06 16:44:09 UTC,https://api.github.com/repos/spinnaker/spinnaker/issues/3568
3553,ttomsu,FR: `credential-helper`-like design in spin CLI,open,3,0,0,0,0,0,0,0,2018-11-02 18:15:03 UTC,2019-04-06 13:35:18 UTC,https://api.github.com/repos/spinnaker/spinnaker/issues/3553
3465,duftler,Clean up and 'enforce' Reviewers & Approvers lists.,open,3,0,0,0,0,0,0,0,2018-10-17 12:40:39 UTC,2019-03-03 12:55:29 UTC,https://api.github.com/repos/spinnaker/spinnaker/issues/3465
3361,lwander,Clouddriver logs should suggest enabling the resource manager API when _catalog fails against GCR,open,3,0,0,0,0,0,0,0,2018-09-19 19:24:09 UTC,2019-03-12 12:30:46 UTC,https://api.github.com/repos/spinnaker/spinnaker/issues/3361
3087,ezimanyi,Move polling of GCE operations to Orca,open,3,0,0,0,0,0,0,0,2018-07-25 15:39:10 UTC,2019-04-01 23:04:05 UTC,https://api.github.com/repos/spinnaker/spinnaker/issues/3087
4244,ewiseblatt,Unknown startTime throws off orca stage.invocations.duration Timer,open,4,0,0,0,0,0,0,0,2019-04-04 18:50:14 UTC,2019-04-05 16:33:18 UTC,https://api.github.com/repos/spinnaker/spinnaker/issues/4244
4230,anup13kumar,Auto trigger is not working in version 1.13.x,open,4,0,0,0,0,0,0,0,2019-04-02 06:42:52 UTC,2019-04-08 05:24:30 UTC,https://api.github.com/repos/spinnaker/spinnaker/issues/4230
4218,okundzich,CF Artifact configuration improvements,open,4,0,0,0,0,0,0,0,2019-03-29 18:28:49 UTC,2019-04-15 17:08:07 UTC,https://api.github.com/repos/spinnaker/spinnaker/issues/4218
4208,madsonic,"Deploy failed: error: unable to recognize ""STDIN"": Unauthorized",open,4,0,0,0,0,0,0,0,2019-03-28 10:58:57 UTC,2019-04-09 07:30:24 UTC,https://api.github.com/repos/spinnaker/spinnaker/issues/4208
4199,jtk54,Refactor `Pipeline` model in Echo to be more flexible,open,4,0,0,0,0,0,0,0,2019-03-26 20:37:06 UTC,2019-03-27 17:46:14 UTC,https://api.github.com/repos/spinnaker/spinnaker/issues/4199
4177,papanito,Deplyoment of Helm Chart fails as  Clouddriver warns HelmArtifactCredentials : Invalid url: for local repos,open,4,0,0,0,0,0,0,0,2019-03-22 15:07:16 UTC,2019-04-01 11:11:33 UTC,https://api.github.com/repos/spinnaker/spinnaker/issues/4177
4049,error418,ambiguous nimbus-jose-jwt library on classpath causes clouddriver to fail on startup,open,4,0,0,0,0,0,0,0,2019-02-27 12:19:59 UTC,2019-04-14 07:20:16 UTC,https://api.github.com/repos/spinnaker/spinnaker/issues/4049
4036,rebalag,[clouddriver/kubernetes] Application access fails when there are large number of accounts,open,4,0,0,0,0,0,0,0,2019-02-26 06:14:21 UTC,2019-04-13 16:55:22 UTC,https://api.github.com/repos/spinnaker/spinnaker/issues/4036
4015,jmelchio,Enhance back-end pipeline verification to check region names,open,4,0,0,0,0,0,0,0,2019-02-21 19:37:50 UTC,2019-04-10 14:25:10 UTC,https://api.github.com/repos/spinnaker/spinnaker/issues/4015
3950,nmnellis,Kubernetes V2 Bake(Manifest) does not allow non string properties as overrides,open,4,0,0,0,0,0,0,0,2019-02-08 02:25:01 UTC,2019-03-09 09:38:17 UTC,https://api.github.com/repos/spinnaker/spinnaker/issues/3950
3935,thomasnal,Trigger doesn't work in Evaluate Expression,open,4,0,0,0,0,0,0,0,2019-02-05 16:53:11 UTC,2019-04-10 15:15:44 UTC,https://api.github.com/repos/spinnaker/spinnaker/issues/3935
3923,lin-hua-cheng,Relax Clouddriver healthcheck,open,4,0,0,0,0,0,0,0,2019-02-01 23:55:02 UTC,2019-03-21 18:50:23 UTC,https://api.github.com/repos/spinnaker/spinnaker/issues/3923
3915,ezimanyi,Issues due to double artifact resolution for templated pipelines in 1.12,open,4,0,0,0,0,0,0,0,2019-01-31 01:05:35 UTC,2019-03-17 23:30:22 UTC,https://api.github.com/repos/spinnaker/spinnaker/issues/3915
3827,darkrasid,cannot open create server group menu,open,4,0,0,0,0,0,0,0,2019-01-08 04:34:40 UTC,2019-04-15 19:45:40 UTC,https://api.github.com/repos/spinnaker/spinnaker/issues/3827
3826,okundzich,Display what was deployed in the Deploy Service stage,open,4,0,0,0,0,0,0,0,2019-01-07 22:42:22 UTC,2019-04-07 22:15:15 UTC,https://api.github.com/repos/spinnaker/spinnaker/issues/3826
3784,WakeupTsai,Should give each execution a serial number,open,4,0,0,0,0,0,0,0,2018-12-24 02:00:07 UTC,2019-04-02 18:35:24 UTC,https://api.github.com/repos/spinnaker/spinnaker/issues/3784
3777,tillig,Enhancement: Add API key support to Spinnaker webhook endpoints,open,4,0,0,0,0,0,0,0,2018-12-20 19:26:38 UTC,2019-03-20 20:20:23 UTC,https://api.github.com/repos/spinnaker/spinnaker/issues/3777
3776,tillig,Enhancement: Support for Azure Blob Storage artifacts/events,open,4,0,0,0,0,0,0,0,2018-12-20 19:06:18 UTC,2019-03-20 20:25:25 UTC,https://api.github.com/repos/spinnaker/spinnaker/issues/3776
3772,abergmeier,Clouddriver: Cannot authenticate with OpenShift Docker Registry (OCR),open,4,0,0,0,0,0,0,0,2018-12-20 13:45:35 UTC,2019-03-20 16:55:36 UTC,https://api.github.com/repos/spinnaker/spinnaker/issues/3772
3771,wangycc,Failed to deploy the latest version through official documentation,open,4,0,0,0,0,0,0,0,2018-12-20 12:32:34 UTC,2019-04-03 11:18:10 UTC,https://api.github.com/repos/spinnaker/spinnaker/issues/3771
3728,yatanasov,Unable to use parameters from Webhook Trigger payload,open,4,0,0,0,0,0,0,0,2018-12-14 14:19:26 UTC,2019-03-22 01:30:24 UTC,https://api.github.com/repos/spinnaker/spinnaker/issues/3728
3714,e96wic,Recurring Jedis Errors,open,4,0,0,0,0,0,0,0,2018-12-12 12:20:49 UTC,2019-03-13 12:55:23 UTC,https://api.github.com/repos/spinnaker/spinnaker/issues/3714
3701,t9t,Tag list should be sorted in inverse order and possibly limited,open,4,0,0,0,0,0,0,0,2018-12-10 11:02:02 UTC,2019-03-21 22:45:23 UTC,https://api.github.com/repos/spinnaker/spinnaker/issues/3701
3697,JoeyX-u,Unable to connect to the server: EOF,open,4,0,0,0,0,0,0,0,2018-12-08 08:39:45 UTC,2019-03-13 17:55:33 UTC,https://api.github.com/repos/spinnaker/spinnaker/issues/3697
3670,stuart-pollock,Scaling to zero instances in ASG fails,open,4,0,0,0,0,0,0,0,2018-11-29 15:19:19 UTC,2019-04-07 16:50:21 UTC,https://api.github.com/repos/spinnaker/spinnaker/issues/3670
3656,claymccoy,"""clone server group"" action should exist",open,4,0,0,0,0,0,0,0,2018-11-28 03:28:44 UTC,2019-03-12 16:30:38 UTC,https://api.github.com/repos/spinnaker/spinnaker/issues/3656
3630,rebalag,New pipeline creation fails with roles attached to trigger using API,open,4,0,0,0,0,0,0,0,2018-11-21 20:10:52 UTC,2019-03-02 18:15:23 UTC,https://api.github.com/repos/spinnaker/spinnaker/issues/3630
3623,okundzich,Improve Spring Boot application properties configuration,open,4,0,0,0,0,0,0,0,2018-11-20 15:05:02 UTC,2019-02-21 21:10:50 UTC,https://api.github.com/repos/spinnaker/spinnaker/issues/3623
3573,bhuvan,spinnaker to be compatible with jdk 11,open,4,0,0,0,0,0,0,0,2018-11-07 21:26:10 UTC,2019-02-20 02:30:13 UTC,https://api.github.com/repos/spinnaker/spinnaker/issues/3573
3506,daviddyball,Versioned ConfigMap not Replaced Correctly in Pod Manifest,open,4,0,0,0,0,0,0,0,2018-10-25 10:17:17 UTC,2019-03-31 09:30:25 UTC,https://api.github.com/repos/spinnaker/spinnaker/issues/3506
3477,freevatar,Spinnaker clouddriver pod crashes because of insufficient access rights,open,4,0,0,0,0,0,0,0,2018-10-18 19:38:56 UTC,2019-03-31 21:45:18 UTC,https://api.github.com/repos/spinnaker/spinnaker/issues/3477
3420,sbwsg,De-duplicate Log Output Modals,open,4,0,0,0,0,0,0,0,2018-10-04 15:41:47 UTC,2019-04-03 19:15:35 UTC,https://api.github.com/repos/spinnaker/spinnaker/issues/3420
3334,lwander,`spin -h` should say what `spin` is,open,4,0,0,0,0,0,0,0,2018-09-13 19:57:10 UTC,2019-03-14 16:35:48 UTC,https://api.github.com/repos/spinnaker/spinnaker/issues/3334
3239,danielpeach,UI cleanup: model interface for kubernetes manifest,open,4,0,0,0,0,0,0,0,2018-08-23 20:20:06 UTC,2019-04-02 14:45:40 UTC,https://api.github.com/repos/spinnaker/spinnaker/issues/3239
3173,uvoigt,inbound/outbound rules only detected in apiVersion=network.k8s.io/v1,open,4,0,0,0,0,0,0,0,2018-08-11 08:50:39 UTC,2019-01-02 14:42:18 UTC,https://api.github.com/repos/spinnaker/spinnaker/issues/3173
3080,jfillo,Feature request: Pipeline Triggers on Git branch deletion and Git pull request state change,open,4,0,0,0,0,0,0,0,2018-07-24 20:41:36 UTC,2019-03-16 00:45:02 UTC,https://api.github.com/repos/spinnaker/spinnaker/issues/3080
4269,six-lqx,hal deploy apply error,open,5,0,0,0,0,0,0,0,2019-04-10 06:30:58 UTC,2019-04-10 14:30:12 UTC,https://api.github.com/repos/spinnaker/spinnaker/issues/4269
4110,SamsonChen94,Bake Manifest Error when using webhook,open,5,0,0,0,0,0,0,0,2019-03-13 11:44:02 UTC,2019-03-14 02:31:37 UTC,https://api.github.com/repos/spinnaker/spinnaker/issues/4110
3871,haf,Pipelines fail to be fetched in codelab,open,5,0,0,0,0,0,0,0,2019-01-21 16:18:05 UTC,2019-03-10 06:45:16 UTC,https://api.github.com/repos/spinnaker/spinnaker/issues/3871
3862,JamieChe,Igor return HTTP 500 when monitoring queued jenkins job,open,5,0,0,0,0,0,0,0,2019-01-18 09:46:33 UTC,2019-03-16 08:20:20 UTC,https://api.github.com/repos/spinnaker/spinnaker/issues/3862
3842,okundzich,Enable CF network policies,open,5,0,0,0,0,0,0,0,2019-01-11 22:27:18 UTC,2019-04-10 20:02:26 UTC,https://api.github.com/repos/spinnaker/spinnaker/issues/3842
3841,okundzich,"Enable CF app autoscaling ",open,5,0,0,0,0,0,0,0,2019-01-11 22:05:36 UTC,2019-04-06 22:15:22 UTC,https://api.github.com/repos/spinnaker/spinnaker/issues/3841
3823,german-muzquiz,[clouddriver/kubernetes] /clusters returning wrong cluster names,open,5,0,0,0,0,0,0,0,2019-01-07 17:33:51 UTC,2019-04-01 18:15:30 UTC,https://api.github.com/repos/spinnaker/spinnaker/issues/3823
3785,athom,Front50 with S3 Storage  failed to startup for  Unable to refresh: {},open,5,0,0,0,0,0,0,0,2018-12-26 07:40:33 UTC,2019-03-11 22:42:02 UTC,https://api.github.com/repos/spinnaker/spinnaker/issues/3785
3783,emptywee,Clouddriver LoadBalancer/listForCloudProvider latency,open,5,0,0,0,0,0,0,0,2018-12-21 19:19:08 UTC,2019-04-02 20:20:29 UTC,https://api.github.com/repos/spinnaker/spinnaker/issues/3783
3694,blackcat-lin,Spinnaker user does not have access to service account,open,5,0,0,0,0,0,0,0,2018-12-06 19:59:16 UTC,2019-03-03 20:29:33 UTC,https://api.github.com/repos/spinnaker/spinnaker/issues/3694
3627,lord-i-will,does clouddriver support kubernetes federation?,open,5,0,0,0,0,0,0,0,2018-11-21 02:15:30 UTC,2019-03-03 23:25:17 UTC,https://api.github.com/repos/spinnaker/spinnaker/issues/3627
3537,ttomsu,FR: Help text on GCE load balancer type selection screen,open,5,0,0,0,0,0,0,0,2018-10-31 14:54:28 UTC,2019-03-21 16:50:29 UTC,https://api.github.com/repos/spinnaker/spinnaker/issues/3537
3515,willgorman,Allow jsonFromUrl pipeline expression functions in pipeline configuration,open,5,0,0,0,0,0,0,0,2018-10-26 13:51:00 UTC,2019-03-06 21:25:25 UTC,https://api.github.com/repos/spinnaker/spinnaker/issues/3515
3436,vikashkmr31,Auto trigger of pipeline not happening after pushing a new image to docker registry,open,5,0,0,0,0,0,0,0,2018-10-08 16:16:32 UTC,2019-03-09 10:05:16 UTC,https://api.github.com/repos/spinnaker/spinnaker/issues/3436
3336,vikashkmr31,After Spinnaker install some of spinnaker microservices are not ready,open,5,0,0,0,0,0,0,0,2018-09-14 13:26:03 UTC,2019-03-03 19:20:23 UTC,https://api.github.com/repos/spinnaker/spinnaker/issues/3336
3194,ttomsu,"RFC: Converge Echo event & notification stream to a known, common message structure",open,5,0,0,0,0,0,0,0,2018-08-15 15:18:33 UTC,2019-03-04 06:46:57 UTC,https://api.github.com/repos/spinnaker/spinnaker/issues/3194
3177,twanc,init containers: docker image tag is not taken from trigger,open,5,0,0,0,0,0,0,0,2018-08-13 14:19:00 UTC,2019-03-09 10:05:19 UTC,https://api.github.com/repos/spinnaker/spinnaker/issues/3177
2017,lwander,Populate task details after deploying a Manifest,open,5,0,0,0,0,0,0,0,2017-10-06 16:43:57 UTC,2019-03-12 12:31:30 UTC,https://api.github.com/repos/spinnaker/spinnaker/issues/2017
4243,rbadillo,Spinnaker / Kubernetes V2 - Containers are showing CPU and Memory resources as Unknown.,open,6,0,0,0,0,0,0,0,2019-04-04 16:31:22 UTC,2019-04-09 03:27:30 UTC,https://api.github.com/repos/spinnaker/spinnaker/issues/4243
4155,duglin,CLA/DCO ?,open,6,0,0,0,0,0,0,0,2019-03-20 13:49:17 UTC,2019-04-10 21:51:24 UTC,https://api.github.com/repos/spinnaker/spinnaker/issues/4155
3721,slewiskelly,Stack name cannot contain any special characters,open,6,0,0,0,0,0,0,0,2018-12-13 06:35:54 UTC,2019-03-15 16:30:52 UTC,https://api.github.com/repos/spinnaker/spinnaker/issues/3721
3698,uvoigt,Account substitution by expression,open,6,0,0,0,0,0,0,0,2018-12-09 17:54:43 UTC,2019-04-02 19:10:21 UTC,https://api.github.com/repos/spinnaker/spinnaker/issues/3698
3692,nicoloamato,Create server group fail,open,6,0,0,0,0,0,0,0,2018-12-06 15:41:52 UTC,2019-03-13 20:12:33 UTC,https://api.github.com/repos/spinnaker/spinnaker/issues/3692
3643,JamieChe,"Pipeline webhook trigger ""Payload Constraints"" does not support mutli-level json payload . ",open,6,0,0,0,0,0,0,0,2018-11-26 06:18:03 UTC,2019-04-10 20:05:17 UTC,https://api.github.com/repos/spinnaker/spinnaker/issues/3643
3536,ttomsu,FR: Require account to be specified when baking GCE image,open,6,0,0,0,0,0,0,0,2018-10-31 14:47:47 UTC,2019-02-04 14:57:22 UTC,https://api.github.com/repos/spinnaker/spinnaker/issues/3536
3525,kevincai,"kubernetes provider support kubernetes  ""Endpoints"" object",open,6,0,0,0,0,0,0,0,2018-10-30 04:15:37 UTC,2019-04-11 13:00:38 UTC,https://api.github.com/repos/spinnaker/spinnaker/issues/3525
3442,jaredcurtis,Gate socket timeout when refreshing health checks,open,6,0,0,0,0,0,0,0,2018-10-10 22:50:11 UTC,2019-04-11 19:15:46 UTC,https://api.github.com/repos/spinnaker/spinnaker/issues/3442
3381,firmsoil,Setup Hangs - Codelab - Continuous Delivery to Kubernetes Using Spinnaker,open,6,0,0,0,0,0,0,0,2018-09-26 03:25:37 UTC,2019-03-18 19:54:49 UTC,https://api.github.com/repos/spinnaker/spinnaker/issues/3381
3130,jtk54,Spin CLI: cli <-> Gate version check,open,6,0,0,0,0,0,0,0,2018-08-06 15:37:51 UTC,2019-03-14 13:57:00 UTC,https://api.github.com/repos/spinnaker/spinnaker/issues/3130
3061,jtk54,Spin CLI: Submit generic task/orchestration command,open,6,0,0,0,0,0,0,0,2018-07-18 17:46:34 UTC,2019-03-04 15:23:17 UTC,https://api.github.com/repos/spinnaker/spinnaker/issues/3061
2770,lwander,Bake manifest stage enhancements,open,6,0,0,0,0,0,0,0,2018-05-11 18:18:07 UTC,2019-01-23 19:53:15 UTC,https://api.github.com/repos/spinnaker/spinnaker/issues/2770
2658,danielpeach,Competing scrollbars in configure manifest wizard,open,6,0,0,0,0,0,0,0,2018-04-13 18:40:24 UTC,2019-04-02 14:40:40 UTC,https://api.github.com/repos/spinnaker/spinnaker/issues/2658
3928,beyond-code-github,Kubernetes Events are missing after v1.10.13,open,7,0,0,0,0,0,0,0,2019-02-04 15:48:43 UTC,2019-04-09 09:16:07 UTC,https://api.github.com/repos/spinnaker/spinnaker/issues/3928
3710,sbwsg,Convert AppEngine provider to Moniker,open,7,0,0,0,0,0,0,0,2018-12-11 18:05:27 UTC,2019-03-20 16:11:10 UTC,https://api.github.com/repos/spinnaker/spinnaker/issues/3710
3686,mitchellmaler,Minio x509 Cert Error - Self Signed Cert,open,7,0,0,0,0,0,0,0,2018-12-04 01:59:45 UTC,2019-03-20 13:25:33 UTC,https://api.github.com/repos/spinnaker/spinnaker/issues/3686
3651,kskewes,Extend Project API - Save & Delete,open,7,0,0,0,0,0,0,0,2018-11-26 22:54:25 UTC,2019-03-21 13:45:36 UTC,https://api.github.com/repos/spinnaker/spinnaker/issues/3651
3632,okundzich,hal CLI configuration for CF accounts,open,7,0,0,0,0,0,0,0,2018-11-21 20:36:59 UTC,2019-03-29 13:45:26 UTC,https://api.github.com/repos/spinnaker/spinnaker/issues/3632
3131,jtk54,Spin CLI: autogen cli command documentation,open,7,0,0,0,0,0,0,0,2018-08-06 15:42:18 UTC,2019-03-14 18:40:21 UTC,https://api.github.com/repos/spinnaker/spinnaker/issues/3131
2966,jtk54,Spin CLI: Fingerprint resources to protect against concurrent writes,open,7,0,0,0,0,0,0,0,2018-06-27 18:33:52 UTC,2019-03-04 15:23:05 UTC,https://api.github.com/repos/spinnaker/spinnaker/issues/2966
4139,learnteds,ERROR 409 while configuring minio using hal for setting up Spinnaker,open,8,0,0,0,0,0,0,0,2018-11-05 11:37:25 UTC,2019-03-18 21:12:50 UTC,https://api.github.com/repos/spinnaker/spinnaker/issues/4139
4127,jtdawso,Pipeline Templates V2 Expected (Bitbucket) Artifacts not found,open,8,0,0,0,0,0,0,0,2019-03-15 17:03:24 UTC,2019-04-11 21:28:43 UTC,https://api.github.com/repos/spinnaker/spinnaker/issues/4127
3901,ttomsu,"RFC: Make Spectator controller (""/spectator/metrics"") a Spring managed endpoint",open,8,0,0,0,0,0,0,0,2019-01-29 17:13:20 UTC,2019-03-01 14:55:03 UTC,https://api.github.com/repos/spinnaker/spinnaker/issues/3901
3799,gandikun,[Clouddriver] Resize server group with autoscaling enable always create new template,open,8,0,0,0,0,0,0,0,2019-01-03 05:27:40 UTC,2019-04-07 17:25:24 UTC,https://api.github.com/repos/spinnaker/spinnaker/issues/3799
3727,IAmMichal,Spinnaker UI stuck in loading.,open,8,0,0,0,0,0,0,0,2018-12-14 10:02:25 UTC,2019-03-18 09:35:37 UTC,https://api.github.com/repos/spinnaker/spinnaker/issues/3727
3700,ikemonn,[CloudDriver][Orca?]Spinnaker does not deploy latest image after bake.,open,8,0,0,0,0,0,0,0,2018-12-10 10:02:43 UTC,2019-03-13 04:25:24 UTC,https://api.github.com/repos/spinnaker/spinnaker/issues/3700
3644,axot,Using shell variable inside kubernetes manifest,open,8,0,0,0,0,0,0,0,2018-11-26 07:45:55 UTC,2019-03-26 19:58:40 UTC,https://api.github.com/repos/spinnaker/spinnaker/issues/3644
3507,bhumarevb,"AWS ECS - Exception ( Wait For Cluster Disable ) Cannot get property 'type' on null object ",open,8,0,0,0,0,0,0,0,2018-10-25 12:09:56 UTC,2019-04-04 19:40:14 UTC,https://api.github.com/repos/spinnaker/spinnaker/issues/3507
3340,iniinikoski,Add support for defining the task execution role in ECS provider (Fargate options),open,8,0,0,0,0,0,0,0,2018-09-16 19:50:27 UTC,2019-04-02 14:25:20 UTC,https://api.github.com/repos/spinnaker/spinnaker/issues/3340
4237,jfillo,Clouddriver + kube v2 provider: cannot delete unregistered CRDs,open,9,0,0,0,0,0,0,0,2019-04-03 15:52:35 UTC,2019-04-13 21:59:02 UTC,https://api.github.com/repos/spinnaker/spinnaker/issues/4237
4090,saisantoshi76,"""hal deploy apply"" errors out saying ""Not supported OS"" (Recommending Ubuntu when using Mac)",open,9,0,0,0,0,0,0,0,2019-03-08 10:11:31 UTC,2019-03-11 14:26:53 UTC,https://api.github.com/repos/spinnaker/spinnaker/issues/4090
4023,davidxia,Support enabling livenessProbes for Spinnaker components deployed to k8s,open,9,0,0,0,0,0,0,0,2019-02-23 18:21:12 UTC,2019-04-02 14:20:01 UTC,https://api.github.com/repos/spinnaker/spinnaker/issues/4023
3988,papanito,hal version list fails behind proxy: ! ERROR null,open,9,0,0,0,0,0,0,0,2019-02-19 09:34:45 UTC,2019-04-15 16:30:30 UTC,https://api.github.com/repos/spinnaker/spinnaker/issues/3988
3934,thomasnal,How to authenticate #jsonFromUrl?,open,9,0,0,0,0,0,0,0,2019-02-05 16:16:11 UTC,2019-03-31 22:50:16 UTC,https://api.github.com/repos/spinnaker/spinnaker/issues/3934
3881,haf,[gate/deck] URI path normalisation errors in Spring security,open,9,0,0,0,0,0,0,0,2019-01-25 15:42:33 UTC,2019-04-02 21:10:30 UTC,https://api.github.com/repos/spinnaker/spinnaker/issues/3881
3640,ciciya-lal,"Service account issue occured after upgrading Orca ",open,9,0,0,0,0,0,0,0,2018-11-23 11:34:31 UTC,2019-04-02 07:10:17 UTC,https://api.github.com/repos/spinnaker/spinnaker/issues/3640
3108,tillig,"Bake (Manifest) output artifact must match ""Name"" field of inputs",open,9,0,0,0,0,0,0,0,2018-07-30 17:38:42 UTC,2018-12-20 19:15:24 UTC,https://api.github.com/repos/spinnaker/spinnaker/issues/3108
3320,beyond-code-github,Enabling AWS provider alongside Kubernetes V2 provider causes the Deploy (manifest) Configuration section of pipeline stage configuration UI to render an empty box,open,10,0,0,0,0,0,0,0,2018-09-12 12:30:51 UTC,2019-04-02 14:45:35 UTC,https://api.github.com/repos/spinnaker/spinnaker/issues/3320
3257,FelicityHughes,Re-run of triggered pipeline fails to copy stages of original triggering pipeline,open,10,0,0,0,0,0,0,0,2018-08-28 01:12:54 UTC,2019-03-07 21:06:24 UTC,https://api.github.com/repos/spinnaker/spinnaker/issues/3257
2348,lwander,Support `kubectl replace ...` in Kubernetes v2,open,10,0,0,0,0,0,0,0,2018-02-15 20:52:14 UTC,2019-03-12 12:31:20 UTC,https://api.github.com/repos/spinnaker/spinnaker/issues/2348
2117,lwander,Integrate kafka as a pubsub system in echo,open,10,0,0,0,0,0,0,0,2017-11-22 16:31:37 UTC,2019-03-11 16:52:49 UTC,https://api.github.com/repos/spinnaker/spinnaker/issues/2117
4240,jfillo,bug(deck): 1.13: delete (manifest) - match by label does not show all available kinds,open,11,0,0,0,0,0,0,0,2019-04-03 18:25:24 UTC,2019-04-15 21:48:46 UTC,https://api.github.com/repos/spinnaker/spinnaker/issues/4240
3822,rampatnaik,AutoTrigger not working after 1.9.5 version update,open,11,0,0,0,0,0,0,0,2019-01-07 15:30:38 UTC,2019-03-13 14:43:24 UTC,https://api.github.com/repos/spinnaker/spinnaker/issues/3822
3745,abergmeier,Volumes settings fail to bind values,open,11,0,0,0,0,0,0,0,2018-12-17 16:42:22 UTC,2019-03-18 08:35:27 UTC,https://api.github.com/repos/spinnaker/spinnaker/issues/3745
3658,axot,"error: the server doesn't have a resource type ""podPreset""",open,11,0,0,0,0,0,0,0,2018-11-28 08:22:15 UTC,2019-03-04 06:45:21 UTC,https://api.github.com/repos/spinnaker/spinnaker/issues/3658
3453,oahayder,Undefined 'name' field in pipeline takes down echo,open,11,0,0,0,0,0,0,0,2018-10-15 18:58:12 UTC,2019-03-09 20:20:22 UTC,https://api.github.com/repos/spinnaker/spinnaker/issues/3453
3671,sergedonaldp,chaosmonkey does not find eligible instances to terminate,open,12,0,0,0,0,0,0,0,2018-11-29 16:06:08 UTC,2019-03-09 14:45:18 UTC,https://api.github.com/repos/spinnaker/spinnaker/issues/3671
3287,louisvernon,Clouddriver: Unready - java.lang.OutOfMemoryError,open,12,0,0,0,0,0,0,0,2018-09-04 20:29:00 UTC,2019-01-23 20:04:46 UTC,https://api.github.com/repos/spinnaker/spinnaker/issues/3287
3791,ricklagerweij,"Kubernetes gate, orca, igor, rosco crash with dualexecution setup (redis/sql)",open,13,0,0,0,0,0,0,0,2018-12-31 13:03:05 UTC,2019-04-15 19:35:31 UTC,https://api.github.com/repos/spinnaker/spinnaker/issues/3791
3421,lucasclavero,Find images from Tags in eu-central-1 does not work,open,13,0,0,0,0,0,0,0,2018-10-04 16:10:36 UTC,2019-03-14 15:10:37 UTC,https://api.github.com/repos/spinnaker/spinnaker/issues/3421
2484,svenbovens,https://www.spinnaker.io/setup/features/notifications/ enhancement,open,13,0,0,0,0,0,0,0,2018-02-28 10:19:50 UTC,2019-01-23 16:25:19 UTC,https://api.github.com/repos/spinnaker/spinnaker/issues/2484
3521,BIGPHATTOBY,no session affinity option for GCP Network LB,open,14,0,0,0,0,0,0,0,2018-10-29 15:15:49 UTC,2019-03-26 14:14:58 UTC,https://api.github.com/repos/spinnaker/spinnaker/issues/3521
3519,indrayam,"Using Halyard, adding Kubernetes accounts in clouddriver-local.yml causes clouddriver-caching (and -rw) to throw ""error: stat /home/userid/.kube/config: no such file or directory"" after install",open,14,0,0,0,0,0,0,0,2018-10-26 23:11:28 UTC,2019-03-09 21:00:23 UTC,https://api.github.com/repos/spinnaker/spinnaker/issues/3519
3010,calvinmorrow,CloudDriver: java.lang.OutOfMemoryError: GC overhead limit exceeded,open,14,0,0,0,0,0,0,0,2018-07-06 16:21:28 UTC,2019-03-13 03:54:46 UTC,https://api.github.com/repos/spinnaker/spinnaker/issues/3010
2288,lwander,Finish Halyard v2 deploy functionality,open,14,0,0,0,0,0,0,0,2018-02-01 14:20:19 UTC,2019-03-12 12:31:26 UTC,https://api.github.com/repos/spinnaker/spinnaker/issues/2288
4225,kuberkaul,Unable to read manifest 'ServiceEntry.networking.istio.io egress' in namespace for account (spinnaker account) ; orca unable to get status from clouddriver,open,15,0,0,0,0,0,0,0,2019-04-01 19:29:22 UTC,2019-04-04 16:43:57 UTC,https://api.github.com/repos/spinnaker/spinnaker/issues/4225
3944,erickrmz,spin-gate ssl_client defunct processes,open,15,0,0,0,0,0,0,0,2019-02-06 19:11:14 UTC,2019-04-13 19:10:23 UTC,https://api.github.com/repos/spinnaker/spinnaker/issues/3944
3270,katsew,Unknown user error occurred with kubernetes RBAC.,open,15,0,0,0,0,0,0,0,2018-08-29 06:12:55 UTC,2019-04-02 14:45:38 UTC,https://api.github.com/repos/spinnaker/spinnaker/issues/3270
3073,ethanfrogers,Refactor SCM webhook logic in Echo,open,15,0,0,0,0,0,0,0,2018-07-22 14:49:06 UTC,2019-03-10 11:05:13 UTC,https://api.github.com/repos/spinnaker/spinnaker/issues/3073
3940,diasjorge,WaitForUpInstanceTask stuck on red/black strategy without load balancer on google cloud,open,16,0,0,0,0,0,0,0,2019-02-06 13:17:40 UTC,2019-03-15 17:43:45 UTC,https://api.github.com/repos/spinnaker/spinnaker/issues/3940
3574,Nogbit,Gate not running or starting with hal 1.12.0 on local install,open,16,0,0,0,0,0,0,0,2018-11-08 00:50:26 UTC,2019-03-16 00:02:03 UTC,https://api.github.com/repos/spinnaker/spinnaker/issues/3574
2533,bobbytables,[gate] SSL w/ apiPort and ssl: enabled causes tomcat to start 2 https ports,open,16,0,0,0,0,0,0,0,2018-03-11 18:20:28 UTC,2019-03-26 21:36:31 UTC,https://api.github.com/repos/spinnaker/spinnaker/issues/2533
3666,mohankumarbm,Spinakker: Unable to read manifest,open,17,0,0,0,0,0,0,0,2018-11-28 23:41:02 UTC,2019-04-01 19:29:53 UTC,https://api.github.com/repos/spinnaker/spinnaker/issues/3666
3649,ncknt,"RFC: Halyard secret management ",open,22,0,0,0,0,0,0,0,2018-11-26 18:17:41 UTC,2019-02-22 08:36:32 UTC,https://api.github.com/repos/spinnaker/spinnaker/issues/3649
3439,tillig,"Clouddriver periodically ""forgets"" how to deploy custom resources",open,22,0,0,0,0,0,0,0,2018-10-09 00:05:35 UTC,2019-03-15 23:10:22 UTC,https://api.github.com/repos/spinnaker/spinnaker/issues/3439
2912,vbhumare,"AWS ECS Container Status unhealthy in Deploy Stage ",open,23,0,0,0,0,0,0,0,2018-06-14 19:02:39 UTC,2019-03-13 23:00:33 UTC,https://api.github.com/repos/spinnaker/spinnaker/issues/2912
4305,iniinikoski,FR: Add support for Google Cloud Run deployments,open,0,1,0,1,0,0,0,0,2019-04-15 21:29:59 UTC,2019-04-15 21:29:59 UTC,https://api.github.com/repos/spinnaker/spinnaker/issues/4305
4297,lavanyachennupati,spinnakerExecution for a deployment is successful when only 1/2 of the containers of a pod is running,open,0,1,0,1,0,0,0,0,2019-04-15 18:43:33 UTC,2019-04-15 22:01:11 UTC,https://api.github.com/repos/spinnaker/spinnaker/issues/4297
4291,shivamdixit,Spinnaker won't allow empty keypair for AWS provider configuration,open,0,1,0,1,0,0,0,0,2019-04-15 15:36:49 UTC,2019-04-15 15:37:00 UTC,https://api.github.com/repos/spinnaker/spinnaker/issues/4291
4215,jondeandres,No INFRASTRUCTURE detected after deployment,open,0,1,0,1,0,0,0,0,2019-03-29 11:47:03 UTC,2019-03-29 11:47:46 UTC,https://api.github.com/repos/spinnaker/spinnaker/issues/4215
4116,louisjimenez,Add support for MPT v2 pipeline configuration view in Deck,open,0,1,0,1,0,0,0,0,2019-03-13 20:07:20 UTC,2019-03-13 20:07:20 UTC,https://api.github.com/repos/spinnaker/spinnaker/issues/4116
4100,pauljrob,Updating Spinnaker to Include Lambda Target Support,open,0,1,0,0,0,0,0,0,2019-03-11 23:34:56 UTC,2019-03-14 14:43:39 UTC,https://api.github.com/repos/spinnaker/spinnaker/issues/4100
4089,yinanfang,Feature Request: Add a `notification` subcommand for spin cli,open,0,1,0,1,0,0,0,0,2019-03-08 00:01:36 UTC,2019-03-08 14:53:14 UTC,https://api.github.com/repos/spinnaker/spinnaker/issues/4089
4194,perek,Feature: Add K8s HorizontalPodAutoscaler support,open,1,1,0,1,0,0,0,0,2019-03-26 00:09:01 UTC,2019-04-09 18:23:50 UTC,https://api.github.com/repos/spinnaker/spinnaker/issues/4194
4080,ealebed,Kubernets v2 provider: deployKubernetesManifest.deployKubernetesManifest.Certificate.notValidKind,open,1,1,0,1,0,0,0,0,2019-03-07 13:15:17 UTC,2019-03-13 16:31:04 UTC,https://api.github.com/repos/spinnaker/spinnaker/issues/4080
4068,Jammy-Louie,CF - Destroy orphaned load balancers when destroying SG,open,1,1,0,1,0,0,0,0,2019-03-05 15:58:05 UTC,2019-03-05 16:00:31 UTC,https://api.github.com/repos/spinnaker/spinnaker/issues/4068
3980,sbwsg,"Add an MPTv2 template search field to ""Create Pipeline"" modal",open,1,1,0,1,0,0,0,0,2019-02-15 17:07:01 UTC,2019-02-15 20:07:05 UTC,https://api.github.com/repos/spinnaker/spinnaker/issues/3980
4262,marchello2000,Move pipeline triggers to echo,open,2,1,0,1,0,0,0,0,2019-04-08 21:01:04 UTC,2019-04-08 21:18:29 UTC,https://api.github.com/repos/spinnaker/spinnaker/issues/4262
4165,pospome,"Kubernetes Account is not shown in ""Deploy (Manifest) "" stage.",open,2,1,0,1,0,0,0,0,2019-03-21 00:15:55 UTC,2019-04-09 09:07:07 UTC,https://api.github.com/repos/spinnaker/spinnaker/issues/4165
3955,bytesandwich,Proposal: Run Job should support running a job on ECS,open,2,1,0,1,0,0,0,0,2019-02-09 01:03:17 UTC,2019-03-07 19:00:52 UTC,https://api.github.com/repos/spinnaker/spinnaker/issues/3955
3910,perek,"[Feature] New Stage Type ""Check a Metric""",open,2,1,0,1,0,0,0,0,2019-01-30 17:38:30 UTC,2019-02-27 17:26:59 UTC,https://api.github.com/repos/spinnaker/spinnaker/issues/3910
3752,michaelsorenson,Spinnaker doesn't seem to be starting on Ubuntu 16.04 when deploying,open,2,1,0,1,0,0,0,0,2018-12-18 00:50:03 UTC,2019-03-21 11:00:28 UTC,https://api.github.com/repos/spinnaker/spinnaker/issues/3752
3738,beckje01,Resize Server Group` link from the details screen broken,open,2,1,0,1,0,0,0,0,2018-12-16 21:42:58 UTC,2019-03-16 21:50:18 UTC,https://api.github.com/repos/spinnaker/spinnaker/issues/3738
4195,maggieneterval,RFC: Export deck-kayenta view components,open,3,1,0,1,0,0,0,0,2019-03-26 16:04:32 UTC,2019-03-27 16:20:53 UTC,https://api.github.com/repos/spinnaker/spinnaker/issues/4195
4041,bhushansona,"deploying localgit configuration, does not create settings-local.js in profiles",open,3,1,0,1,0,0,0,0,2019-02-26 17:30:12 UTC,2019-04-07 05:44:07 UTC,https://api.github.com/repos/spinnaker/spinnaker/issues/4041
3883,ttomsu,RFC: Move all management endpoints to a common port,open,3,1,0,1,0,0,0,0,2019-01-25 19:54:34 UTC,2019-03-12 12:30:22 UTC,https://api.github.com/repos/spinnaker/spinnaker/issues/3883
3830,yinanfang,Wrong order for the pipeline status history,open,3,1,0,1,0,0,0,0,2019-01-08 21:53:39 UTC,2019-03-07 00:40:21 UTC,https://api.github.com/repos/spinnaker/spinnaker/issues/3830
3753,wadadli,"ERROR Deleting spinnaker failed in spinnaker error: the server doesn't have a resource type ""deploy""",open,3,1,0,1,0,0,0,0,2018-12-18 03:19:36 UTC,2019-04-03 10:24:41 UTC,https://api.github.com/repos/spinnaker/spinnaker/issues/3753
3729,Rigdon,UI Does Not Validate Pipeline Configuration on Project Page,open,3,1,0,1,0,0,0,0,2018-12-14 14:26:51 UTC,2019-04-04 21:25:26 UTC,https://api.github.com/repos/spinnaker/spinnaker/issues/3729
3711,yinanfang,"Feature Request: Display execution time even if pipeline failed because of missing ""expected artifact""",open,3,1,0,1,0,0,0,0,2018-12-11 19:12:22 UTC,2019-03-11 20:30:36 UTC,https://api.github.com/repos/spinnaker/spinnaker/issues/3711
3689,ttomsu,Halyard: Enabling artifact account should enable the feature,open,3,1,0,1,0,0,0,0,2018-12-05 18:35:55 UTC,2019-03-06 16:03:57 UTC,https://api.github.com/repos/spinnaker/spinnaker/issues/3689
3564,jtk54,Appengine: Consider limiting batch call sizes to providers.,open,3,1,0,1,0,0,0,0,2018-11-06 15:05:01 UTC,2019-04-02 15:00:40 UTC,https://api.github.com/repos/spinnaker/spinnaker/issues/3564
3782,abergmeier,Bitbucket Server support,open,4,1,0,1,0,0,0,0,2018-12-21 13:30:05 UTC,2019-03-25 22:09:56 UTC,https://api.github.com/repos/spinnaker/spinnaker/issues/3782
3646,ethanfrogers,Spin CLI - Make API more consumable,open,5,1,0,1,0,0,0,0,2018-11-26 14:09:25 UTC,2019-03-07 15:20:23 UTC,https://api.github.com/repos/spinnaker/spinnaker/issues/3646
3344,jfillo,[Deck] Minify Javascript,open,5,1,0,1,0,0,0,0,2018-09-17 13:19:31 UTC,2019-01-31 13:08:21 UTC,https://api.github.com/repos/spinnaker/spinnaker/issues/3344
3483,kskewes,Spinnaker on Kubernetes - app:spin label removal suggestion,open,6,1,0,1,0,0,0,0,2018-10-22 06:48:49 UTC,2019-03-07 15:30:38 UTC,https://api.github.com/repos/spinnaker/spinnaker/issues/3483
3450,iniinikoski,Feature: option to add a delay before polling starts in Webhook stage,open,6,1,0,1,0,0,0,0,2018-10-15 13:58:47 UTC,2019-03-13 11:50:15 UTC,https://api.github.com/repos/spinnaker/spinnaker/issues/3450
3157,danielpeach,Diff view between deployment revisions,open,6,1,0,0,0,0,0,1,2018-08-09 20:48:58 UTC,2019-02-07 14:06:44 UTC,https://api.github.com/repos/spinnaker/spinnaker/issues/3157
3760,abergmeier,OpenShift Support,open,7,1,0,1,0,0,0,0,2018-12-19 10:17:46 UTC,2019-04-09 08:35:08 UTC,https://api.github.com/repos/spinnaker/spinnaker/issues/3760
3968,ttomsu,FR: Add option to make each service's files ConfigMaps instead of Secrets,open,8,1,0,1,0,0,0,0,2019-02-13 14:50:48 UTC,2019-04-10 17:54:05 UTC,https://api.github.com/repos/spinnaker/spinnaker/issues/3968
3428,katsew,Need manifest preview UI for uploaded artifacts,open,11,1,0,1,0,0,0,0,2018-10-05 04:57:54 UTC,2019-03-03 16:40:24 UTC,https://api.github.com/repos/spinnaker/spinnaker/issues/3428
3243,rverma-nikiai,heptio-authenticator-aws is renamed as aws-iam-authenticator and the binary needs to get updated in main dockerfile,open,14,1,0,1,0,0,0,0,2018-08-24 15:48:22 UTC,2019-03-07 20:40:31 UTC,https://api.github.com/repos/spinnaker/spinnaker/issues/3243
3355,adamlazz,Find image from Tags stage randomly fails with new AMIs,open,17,1,0,1,0,0,0,0,2018-09-19 16:15:22 UTC,2019-04-15 21:58:59 UTC,https://api.github.com/repos/spinnaker/spinnaker/issues/3355
3577,celamb4,hal deploy apply causes java.lang.NullPointerException on private cluster,open,53,1,0,1,0,0,0,0,2018-11-08 08:25:03 UTC,2019-04-10 19:46:02 UTC,https://api.github.com/repos/spinnaker/spinnaker/issues/3577
4019,ethanfrogers,FR: Dynamic Halconfig directory,open,1,2,0,2,0,0,0,0,2019-02-22 16:12:48 UTC,2019-04-11 22:40:21 UTC,https://api.github.com/repos/spinnaker/spinnaker/issues/4019
4017,e4r7hbug,Okta SAML TLS Error,open,1,2,0,2,0,0,0,0,2019-02-22 00:52:50 UTC,2019-04-08 15:12:59 UTC,https://api.github.com/repos/spinnaker/spinnaker/issues/4017
3702,ricklagerweij,Configure SQL through halyard (Orca),open,4,2,0,2,0,0,0,0,2018-12-10 19:14:52 UTC,2019-04-15 19:20:46 UTC,https://api.github.com/repos/spinnaker/spinnaker/issues/3702
3704,ethanfrogers,RFC: First class support for provisioning static infrastructure,open,5,2,0,2,0,0,0,0,2018-12-10 21:20:04 UTC,2019-04-09 01:35:21 UTC,https://api.github.com/repos/spinnaker/spinnaker/issues/3704
4200,ncknt,RFC: Network policies support (Halyard),open,6,2,0,2,0,0,0,0,2019-03-27 01:55:36 UTC,2019-03-28 18:49:26 UTC,https://api.github.com/repos/spinnaker/spinnaker/issues/4200
3865,dbyron0,feature request: teach kayenta to accept tags as part of canary config when using datadog,open,6,2,0,2,0,0,0,0,2019-01-18 21:04:50 UTC,2019-03-20 14:34:42 UTC,https://api.github.com/repos/spinnaker/spinnaker/issues/3865
2818,rossedman,Better Kubernetes Removal/Offboarding,open,7,2,0,2,0,0,0,0,2018-05-22 16:17:26 UTC,2019-04-02 14:45:42 UTC,https://api.github.com/repos/spinnaker/spinnaker/issues/2818
3541,rverma-nikiai,Support for node selector and tolerations,open,8,2,0,2,0,0,0,0,2018-11-01 01:29:23 UTC,2019-03-31 01:50:22 UTC,https://api.github.com/repos/spinnaker/spinnaker/issues/3541
3204,TechTrainingCenter,How to use deployment strategy in kubernetes provider v2,open,10,2,0,2,0,0,0,0,2018-08-16 10:52:38 UTC,2019-04-11 16:45:23 UTC,https://api.github.com/repos/spinnaker/spinnaker/issues/3204
2774,KeisukeYamashita,hal deploy apply stucks at Manually deploying spin-clouddriver-bootstrap,open,21,2,0,2,0,0,0,0,2018-05-14 08:57:24 UTC,2019-03-18 17:05:38 UTC,https://api.github.com/repos/spinnaker/spinnaker/issues/2774
3911,jtdawso,Unable to Terminate Pods through Spinnaker UI in kubernetes v1,open,2,3,0,3,0,0,0,0,2019-01-30 18:18:50 UTC,2019-04-01 18:25:27 UTC,https://api.github.com/repos/spinnaker/spinnaker/issues/3911
3939,xxmaestroxx,"Offical Helm charts not deployable (Keycloak, Neo4J, Kafka) -> shell variables",open,3,3,0,3,0,0,0,0,2019-02-06 03:58:13 UTC,2019-03-26 19:58:20 UTC,https://api.github.com/repos/spinnaker/spinnaker/issues/3939
4170,robzienert,RFC: Igor Rewrite,open,4,3,0,3,0,0,0,0,2019-03-21 20:37:09 UTC,2019-03-26 17:07:30 UTC,https://api.github.com/repos/spinnaker/spinnaker/issues/4170
3743,ethanfrogers,[Halyard] Extending Kubernetes deployment environment improvements,open,4,3,0,3,0,0,0,0,2018-12-17 14:43:32 UTC,2019-03-04 15:10:29 UTC,https://api.github.com/repos/spinnaker/spinnaker/issues/3743
3571,viglesiasce,Clarify error message when Docker image cannot be found in a manifest,open,4,3,0,3,0,0,0,0,2018-11-07 18:50:54 UTC,2019-02-08 13:46:15 UTC,https://api.github.com/repos/spinnaker/spinnaker/issues/3571
3538,ttomsu,Cache Management Load Balancer entry appears to be broken,open,8,3,0,3,0,0,0,0,2018-10-31 15:02:47 UTC,2019-03-20 09:36:12 UTC,https://api.github.com/repos/spinnaker/spinnaker/issues/3538
3288,rene00,AWS Key Name should be optional when creating Deployment Clusters,open,8,3,0,3,0,0,0,0,2018-09-05 04:34:51 UTC,2019-03-20 23:20:24 UTC,https://api.github.com/repos/spinnaker/spinnaker/issues/3288
3231,benjaminws,Dropdown list of elements in pipeline template UI,open,8,3,0,3,0,0,0,0,2018-08-22 22:32:20 UTC,2019-01-02 15:17:57 UTC,https://api.github.com/repos/spinnaker/spinnaker/issues/3231
3040,nhayes,Pipeline expression autocomplete only works in comment text boxes,open,12,3,0,3,0,0,0,0,2018-07-12 17:58:15 UTC,2019-03-20 16:41:36 UTC,https://api.github.com/repos/spinnaker/spinnaker/issues/3040
3500,emjburns,RFC: Make Expressions in Orca Bester,open,3,4,0,0,0,0,0,4,2018-10-24 01:01:29 UTC,2019-03-05 20:42:43 UTC,https://api.github.com/repos/spinnaker/spinnaker/issues/3500
3739,antoooks,"[Clouddriver] Clouddriver throws ""WWW-Authenticate header"" error when using 'passwordCommand' option ",open,4,4,0,4,0,0,0,0,2018-12-17 04:55:58 UTC,2019-03-21 06:51:40 UTC,https://api.github.com/repos/spinnaker/spinnaker/issues/3739
3695,clanesf,Feature Request: Kubernetes V2 driver should have a way to filter manifest,open,6,4,0,4,0,0,0,0,2018-12-07 17:20:07 UTC,2019-02-02 15:15:10 UTC,https://api.github.com/repos/spinnaker/spinnaker/issues/3695
3613,mtweten,Kubernetes V2 clouddriver accounts and multi-tenancy,open,7,4,0,4,0,0,0,0,2018-11-16 16:47:59 UTC,2019-01-23 15:45:29 UTC,https://api.github.com/repos/spinnaker/spinnaker/issues/3613
3268,jfillo,halyard LDAP config doesn't support all possible properties gate LDAP config offers,open,7,6,0,6,0,0,0,0,2018-08-28 23:58:16 UTC,2019-04-08 15:12:08 UTC,https://api.github.com/repos/spinnaker/spinnaker/issues/3268
3554,danielpeach,Add execute permissions,open,8,6,0,6,0,0,0,0,2018-11-02 19:42:44 UTC,2019-03-28 15:26:12 UTC,https://api.github.com/repos/spinnaker/spinnaker/issues/3554
2831,e96wic,[Kubernetes V2] Add namespace option for deployManifest,open,48,6,0,6,0,0,0,0,2018-05-24 15:54:09 UTC,2019-04-01 13:36:16 UTC,https://api.github.com/repos/spinnaker/spinnaker/issues/2831
4254,maggieneterval,Convert all Kubernetes v2 stages to React,open,0,7,0,2,0,0,0,5,2019-04-05 20:09:26 UTC,2019-04-05 20:14:09 UTC,https://api.github.com/repos/spinnaker/spinnaker/issues/4254
4075,kaitea,Feature request: Native AWS CodeBuild Support,open,0,7,0,7,0,0,0,0,2019-03-06 20:29:20 UTC,2019-03-07 17:49:00 UTC,https://api.github.com/repos/spinnaker/spinnaker/issues/4075
4181,andrewbackes,RFC: Spinnaker Plugin System,open,6,7,0,7,0,0,0,0,2019-03-22 18:46:36 UTC,2019-03-29 12:35:29 UTC,https://api.github.com/repos/spinnaker/spinnaker/issues/4181
3982,robzienert,RFC: SQL as a standard persistence backend,open,0,20,0,14,0,0,0,3,2019-02-15 18:11:37 UTC,2019-03-05 20:40:13 UTC,https://api.github.com/repos/spinnaker/spinnaker/issues/3982
3341,iniinikoski,Add support for multiple containers in ECS task definition,open,6,20,0,20,0,0,0,0,2018-09-16 19:55:48 UTC,2019-03-29 13:05:17 UTC,https://api.github.com/repos/spinnaker/spinnaker/issues/3341
